Videos,SHOULDER__RAISE_ARMS_OUTWARD__LEFT,SHOULDER__RAISE_ARMS_IN_FRONT__LEFT,ELBOW__RAISE_ARMS_IN_FRONT_AND_FLEX_ELBOWS__BOTH,SHOULDER__RAISE_ARMS_OUTWARD__RIGHT,SHOULDER__RAISE_ARMS_IN_FRONT__RIGHT,NECK__LOOK_LEFT_AND_RIGHT,NECK__LOOK_UP_AND_DOWN,NECK__TILT_HEAD_TO_LEFT_AND_RIGHT,SHOULDERS__RAISE_ARMS_OUTWARD__BOTH,SHOULDERS__RAISE_ARMS_IN_FRONT__BOTH,KNEES__SQUAT_DOWN,BACK__BEND_FORWARD_AND_BACKWARD,BACK__BEND_LEFT_AND_RIGHT,ELBOW__RAISE_ARMS_IN_FRONT_AND_FLEX_ELBOWS__LEFT,ELBOW__RAISE_ARMS_IN_FRONT_AND_FLEX_ELBOWS__RIGHT,WRISTS__BEND_LEFT_AND_RIGHT__BOTH,WRIST__BEND_LEFT_AND_RIGHT__LEFT,WRIST__BEND_LEFT_AND_RIGHT__RIGHT,WRIST__BEND_FORWARD_AND_BACKWARD__LEFT
CONSISTENCY_1_FAKE_ELBOWS_BD_2024-02-01_14-30_,,,"(3, 12)",,,,,,,,,,,,,,,,
CONSISTENCY_1_FAKE_LEFT_SHOULDER_JP_2024-04-04_10-54_,"(0, 7)","(7, 17)",,,,,,,,,,,,,,,,,
CONSISTENCY_1_FAKE_NECK_HM_2024-04-02_09-56_,,,,,,"(3, 10)","(11, 19)","(20, 28)",,,,,,,,,,,
CONSISTENCY_1_FAKE_NECK_KH_2024-04-11_09-16_,,,,,,"(1, 14)","(15, 27)","(30, 44)",,,,,,,,,,,
CONSISTENCY_1_FAKE_NECK_RA_2024-04-11_09-16_,,,,,,"(1, 7)","(10, 15)","(16, 21)",,,,,,,,,,,
CONSISTENCY_1_FAKE_RIGHT_SHOULDER_FA_2024-02-01_14-30_,,,,"(3, 11)","(12, 18)",,,,,,,,,,,,,,
CONSISTENCY_1_FAKE_RIGHT_SHOULDER_FA_2024-03-19_10-51_,,,,"(1, 6)","(7, 17)",,,,,,,,,,,,,,
CONSISTENCY_1_FAKE_SHOULDERS_BD_2024-04-02_09-56_,,,,,,,,,"(2, 11)","(12, 21)",,,,,,,,,
CONSISTENCY_1_FAKE_SHOULDERS_RK_2024-04-02_09-56_,,,,,,,,,"(1, 11)","(12, 23)",,,,,,,,,
CONSISTENCY_1_LEFT_SHOULDER_DF_2024-04-04_10-54_,"(5, 13)","(14, 36)",,,,,,,,,,,,,,,,,
CONSISTENCY_1_REAL_BACK_BD_2024-03-13_09-26_,,,,,,,,,,,,"(0, 26)","(61, 66)",,,,,,
CONSISTENCY_1_REAL_BACK_EM_2024-03-12_09-36_,,,,,,,,,,,,"(0, 12)","(9, 22)",,,,,,
CONSISTENCY_1_REAL_BACK_KH_2024-03-28_09-37_,,,,,,,,,,,,"(5, 16)","(18, 29)",,,,,,
CONSISTENCY_1_REAL_BACK_MC_2024-04-11_09-16_,,,,,,,,,,,,"(2, 15)","(16, 24)",,,,,,
CONSISTENCY_1_REAL_BACK_NB_2024-03-12_09-36_,,,,,,,,,,,,"(4, 17)","(18, 29)",,,,,,
CONSISTENCY_1_REAL_BACK_NB_2024-03-26_09-15_,,,,,,,,,,,,"(1, 10)","(10, 23)",,,,,,
CONSISTENCY_1_REAL_BACK_RA_2024-03-13_09-26_,,,,,,,,,,,,"(1, 12)","(12, 20)",,,,,,
CONSISTENCY_1_REAL_BACK_RA_2024-03-28_09-37_,,,,,,,,,,,,"(1, 10)","(10, 17)",,,,,,
CONSISTENCY_1_REAL_BACK_RK_2024-03-12_09-36_,,,,,,,,,,,,"(0, 17)","(17, 30)",,,,,,
CONSISTENCY_1_REAL_BACK_SH_2024-04-04_10-54_,,,,,,,,,,,,"(1, 25)","(25, 44)",,,,,,
CONSISTENCY_1_REAL_LEFT_SHOULDER_FA_2024-02-01_14-30_,"(0, 10)","(10, 14)",,,,,,,,,,,,,,,,,
CONSISTENCY_1_REAL_LEFT_SHOULDER_FA_2024-04-10_09-34_,"(0, 10)","(10, 23)",,,,,,,,,,,,,,,,,
CONSISTENCY_1_REAL_LEFT_SHOULDER_MC_2024-03-05_09-57_,"(0, 7)","(7, 20)",,,,,,,,,,,,,,,,,
CONSISTENCY_1_REAL_NECK_BD_2024-01-31_09-31_,,,,,,"(0, 13)","(13, 25)","(25, 32)",,,,,,,,,,,
CONSISTENCY_1_REAL_NECK_BD_2024-04-10_09-34_,,,,,,"(0, 14)","(14, 29)","(29, 41)",,,,,,,,,,,
CONSISTENCY_1_REAL_NECK_FA_2024-04-02_09-56_,,,,,,"(0, 11)","(11, 22)","(22, 31)",,,,,,,,,,,
CONSISTENCY_1_REAL_RIGHT_SHOULDER_JP_2024-03-28_09-37_,,,,"(0, 15)","(15, 38)",,,,,,,"(12, 24)","(25, 39)",,,,,,
CONSISTENCY_2_FAKE_ELBOWS_BD_2024-02-01_14-30_,"(1, 8)","(9, 18)","(18, 25)",,,,,,,,,,,,,,,,
CONSISTENCY_2_FAKE_LEFT_SHOULDER_JP_2024-04-04_10-54_,"(10, 16)","(16, 26)","(0, 10)",,,,,,,,,,,,,,,,
CONSISTENCY_2_FAKE_NECK_HM_2024-04-02_09-56_,,,,,,"(21, 30)","(30, 38)","(38, 46)","(0, 9)","(9, 21)",,,,,,,,,
CONSISTENCY_2_FAKE_NECK_KH_2024-04-11_09-16_,,,,,,"(35, 45)","(45, 61)","(61, 72)","(0, 13)",,,,,,,,,,
CONSISTENCY_2_FAKE_NECK_RA_2024-04-11_09-16_,,,"(5, 12)",,,"(12, 18)","(18, 24)","(24, 30)",,,,,,,,,,,
CONSISTENCY_2_FAKE_RIGHT_SHOULDER_FA_2024-02-01_14-30_,,,,"(21, 29)","(29, 39)",,,,,,,"(2, 18)",,,,,,,
CONSISTENCY_2_FAKE_RIGHT_SHOULDER_FA_2024-03-19_10-51_,,,,"(11, 18)","(18, 27)",,,,,,"(2, 11)",,,,,,,,
CONSISTENCY_2_FAKE_SHOULDERS_BD_2024-04-02_09-56_,,,"(0, 11)",,,,,,"(12, 19)","(19, 34)",,,,,,,,,
CONSISTENCY_2_FAKE_SHOULDERS_RK_2024-04-02_09-56_,,,"(0, 6)",,,,,,"(17, 25)",,,,,,,,,,
CONSISTENCY_2_LEFT_SHOULDER_DF_2024-04-04_10-54_,"(35, 46)","(46, 68)",,"(0, 16)","(16, 34)",,,,,,,,,,,,,,
CONSISTENCY_2_REAL_BACK_EM_2024-03-12_09-36_,,,,,,"(0, 9)","(9, 16)","(16, 26)",,,,"(26, 41)","(41, 52)",,,,,,
CONSISTENCY_2_REAL_BACK_KH_2024-03-28_09-37_,,,,,,"(2, 13)","(13, 25)","(25, 39)",,,,"(39, 52)","(52, 65)",,,,,,
CONSISTENCY_2_REAL_BACK_MC_2024-04-11_09-16_,,,,,,"(0, 8)","(8, 14)","(14, 23)",,,,"(23, 34)","(34, 41)",,,,,,
CONSISTENCY_2_REAL_BACK_NB_2024-03-12_09-36_,,,,,,,,,"(0, 10)","(10, 22)",,"(23, 33)","(33, 42)",,,,,,
CONSISTENCY_2_REAL_BACK_RA_2024-03-13_09-26_,,,,,,,,,,,"(0, 6)","(6, 16)","(16, 22)",,,,,,
CONSISTENCY_2_REAL_BACK_RA_2024-03-28_09-37_,,,,,,"(0, 9)","(9, 15)","(15, 21)",,,,"(21, 30)","(30, 35)",,,,,,
CONSISTENCY_2_REAL_BACK_RK_2024-03-12_09-36_,,,,,,"(0, 10)","(10, 17)","(17, 28)",,,,,,,,,,,
CONSISTENCY_2_REAL_BACK_SH_2024-04-04_10-54_,,,,,,,,,,,"(0, 16)","(16, 39)","(39, 54)",,,,,,
CONSISTENCY_2_REAL_LEFT_SHOULDER_FA_2024-02-01_14-30_,"(14, 22)","(22, 33)",,,,,,,,,,"(0, 14)",,,,,,,
CONSISTENCY_2_REAL_LEFT_SHOULDER_FA_2024-04-10_09-34_,"(19, 30)","(30, 40)",,"(0, 10)","(10, 19)",,,,,,,,,,,,,,
CONSISTENCY_2_REAL_LEFT_SHOULDER_MC_2024-03-05_09-57_,"(18, 24)","(24, 35)",,,,,,,,,,"(0, 10)","(10, 19)",,,,,,
CONSISTENCY_2_REAL_NECK_BD_2024-01-31_09-31_,,,,,,"(12, 24)","(0, 12)","(32, 41)",,,,,,,,,,,
CONSISTENCY_2_REAL_NECK_BD_2024-04-10_09-34_,,,,,,"(44, 60)","(60, 75)","(75, 87)",,,,"(0, 23)","(23, 44)",,,,,,
CONSISTENCY_2_REAL_NECK_FA_2024-04-02_09-56_,,,,,,"(19, 28)","(28, 38)","(38, 49)",,,,"(0, 11)","(11, 19)",,,,,,
CONSISTENCY_2_REAL_RIGHT_SHOULDER_JP_2024-03-28_09-37_,,,,"(41, 53)","(53, 71)",,,,,,,"(0, 26)","(26, 41)",,,,,,
CONSISTENCY_1_FAKE_ELBOWS_JP_2024-04-16_09-31_,,,"(0, 9)",,,,,,,,,,,,,,,,
CONSISTENCY_1_FAKE_ELBOWS_MC_2024-04-16_09-31_,,,"(0, 8)",,,,,,,,,,,,,,,,
CONSISTENCY_1_LEFT_SHOULDER_RK_2024-04-16_09-31_,"(12, 22)",,,,,,,,,,,,,,,,,,
CONSISTENCY_1_REAL_BACK_MC_2024-04-02_09-56_,,,,,,,,,,,,,,,,,,,
CONSISTENCY_1_REAL_BACK_RA_2024-03-05_09-57_,,,,,,,,,,,,,,,,,,,
CONSISTENCY_1_REAL_NECK_NB_2024-04-16_09-28_,,,,,,,,,,,,,,,,,,,
CONSISTENCY_1_REAL_NECK_NB_2024-04-16_09-31_,,,,,,"(4, 15)","(15, 24)","(24, 34)",,,,,,,,,,,
CONSISTENCY_2_FAKE_ELBOWS_JP_2024-04-16_09-31_,,,,,,,,,,,,,,,,,,,
CONSISTENCY_2_FAKE_ELBOWS_MC_2024-04-16_09-31_,,,"(11, 17)",,,,,,,,,,,,,,,,
CONSISTENCY_2_LEFT_SHOULDER_RK_2024-04-16_09-31_,"(14, 22)","(22, 31)",,"(1, 6)","(6, 14)",,,,,,,,,,,,,,
CONSISTENCY_2_REAL_BACK_NB_2024-03-26_09-15_,,,,,,,,,,,,,,,,,,,
CONSISTENCY_2_REAL_NECK_NB_2024-04-16_09-31_,,,,,,"(25, 34)","(34, 42)","(42, 53)","(0, 11)","(11, 25)",,,,,,,,,
FAKE_BACK_FA_2024-01-31_09-31_,,,,,,,,,,,,"(0, 19)","(19, 30)",,,,,,
FAKE_BACK_MB_2024-03-05_09-57_,,,,,,,,,,,,"(0, 19)","(19, 33)",,,,,,
FAKE_ELBOWS_AY_2024-02-14_09-59_,,,"(0, 13)",,,,,,,,,,,,,,,,
FAKE_ELBOWS_BD_2024-03-26_09-18_,,,"(0, 8)",,,,,,,,,,,,,,,,
FAKE_ELBOWS_JP_2024-03-21_11-26_,,,,,,,,,,,,,,,,,,,
FAKE_ELBOWS_MB_2024-02-01_14-30_,,,"(0, 9)",,,,,,,,,,,,,,,,
FAKE_ELBOWS_MC_2024-02-01_14-30_,,,"(0, 7)",,,,,,,,,,,,,,,,
FAKE_ELBOWS_NB_2024-01-31_09-31_,,,"(8, 16)",,,,,,,,,,,,,,,,
FAKE_ELBOWS_NB_2024-02-01_14-30_,,,"(0, 8)",,,,,,,,,,,,,,,,
FAKE_ELBOWS_NB_2024-02-14_09-59_,,,"(2, 8)",,,,,,,,,,,,,,,,
FAKE_ELBOWS_PJ_2024-03-19_10-51_,,,"(0, 10)",,,,,,,,,,,,,,,,
FAKE_ELBOWS_PJ_2024-02-01_14-30_,,,"(0, 11)",,,,,,,,,,,,,,,,
FAKE_FINGERS_NB_2024-02-01_14-30_,,,,,,,,,,,,,,,,,,,
FAKE_LEFT_SHOULDER_DF_2024-02-01_14-30_,,,,,,,,,,,,,,,,,,,
FAKE_LEFT_SHOULDER_EM_2024-04-02_09-56_,"(0, 10)","(10, 20)",,,,,,,,,,,,,,,,,
FAKE_LEFT_SHOULDER_JP_2024-02-01_14-30_,"(11, 25)",,,,,,,,,,,,,,,,,,
FAKE_NECK_AA_2024-04-16_09-31_,,,,,,"(8, 15)",,"(15, 23)",,,,,,,,,,,
FAKE_NECK_EM_2024-03-26_09-18_,,,,,,"(0, 11)","(11, 20)","(20, 29)",,,,,,,,,,,
FAKE_NECK_NB_2024-04-11_09-16_,,,,,,"(0, 11)","(11, 20)","(21, 31)",,,,,,,,,,,
FAKE_NECK_RA_2024-03-21_11-32_,,,,,,"(0, 15)","(15, 29)","(29, 46)",,,,,,,,,,,
FAKE_NECK_SH_2024-04-16_09-31_,,,,,,"(0, 12)","(12, 25)","(25, 36)",,,,,,,,,,,
FAKE_RIGHT_SHOULDER_AA_2024-03-05_09-57_,,,,"(0, 14)","(14, 27)",,,,,,,,,,,,,,
FAKE_RIGHT_SHOULDER_AA_2024-03-19_10-45_,,,,,,,,,,,,,,,,,,,
FAKE_RIGHT_SHOULDER_BR_2024-02-14_09-59_,,,,"(0, 8)","(8, 17)",,,,,,,,,,,,,,
FAKE_RIGHT_SHOULDER_BR_2024-03-05_09-57_,,,,"(3, 6)","(7, 13)",,,,,,,,,,,,,,
FAKE_RIGHT_SHOULDER_BR_2024-03-19_10-51_,,,,"(9, 12)","(12, 19)",,,,,,,,,,,,,,
FAKE_RIGHT_SHOULDER_DF_2024-02-01_14-30_,,,,"(0, 16)","(21, 36)",,,,,,,,,,,,,,
FAKE_RIGHT_SHOULDER_DF_2024-03-28_09-37_,,,,"(0, 7)","(7, 26)",,,,,,,,,,,,,,
FAKE_RIGHT_SHOULDER_FA_2024-03-26_09-18_,,,,"(0, 8)","(8, 21)",,,,,,,,,,,,,,
FAKE_SHOULDERS_BD_2024-01-31_09-31_,,,,,,,,,"(12, 26)",,,,,,,,,,
FAKE_SHOULDERS_BD_2024-03-19_10-51_,,,,,,,,,"(0, 12)","(12, 25)",,,,,,,,,
FAKE_SHOULDERS_EM_2024-02-01_14-30_,,,,,,,,,"(0, 7)","(7, 19)",,,,,,,,,
FAKE_SHOULDERS_MB_2024-04-16_09-31_,,,,,,,,,"(0, 12)","(12, 28)",,,,,,,,,
FAKE_SHOULDERS_RK_2024-02-01_14-30_,,,,,,,,,"(0, 9)","(9, 22)",,,,,,,,,
FAKE_SHOULDERS_RK_2024-03-05_09-57_,,,,,,,,,"(0, 10)","(10, 27)",,,,,,,,,
FAKE_WRIST_CI_2024-03-28_09-37_,,,"(0, 9)",,,,,,,,,,,,,,,,
LEFT_SHOULDER_AA_2024-04-02_09-56_,"(0, 12)","(21, 40)",,,,,,,,,,,,,,,,,
REAL_BACK_SH2_2024-02-01_14-30_,,,,,,,,,,,,"(0, 18)","(18, 37)",,,,,,
REAL_BACK_AA_2024-03-26_09-18_,,,,,,,,,,,,"(0, 22)","(22, 39)",,,,,,
REAL_BACK_AF_2024-02-14_09-59_,,,,,,,,,,,,"(0, 26)","(26, 38)",,,,,,
REAL_BACK_BD_2024-02-01_14-30_,,,,,,,,,,,,"(0, 16)","(16, 33)",,,,,,
REAL_BACK_BD_2024-03-05_09-57_,,,,,,,,,,,,"(28, 51)","(51, 64)",,,,,,
REAL_BACK_BD_2024-03-19_10-51_,,,,,,,,,,,,"(20, 33)","(33, 46)",,,,,,
REAL_BACK_CI_2024-03-13_09-26_,,,,,,,,,,,,"(0, 15)","(15, 26)",,,,,,
REAL_BACK_CI_2024-04-11_09-16_,,,,,,,,,,,,,,,,,,,
REAL_BACK_CT_2024-02-01_14-30_,,,,,,,,,,,,"(0, 16)","(16, 26)",,,,,,
REAL_BACK_CT_2024-04-04_10-54_,,,,,,,,,,,,"(0, 17)","(17, 29)",,,,,,
REAL_BACK_DF_2024-04-16_09-31_,,,,,,,,,,,,"(0, 19)","(19, 43)",,,,,,
REAL_BACK_EJ_2024-03-21_11-32_,,,,,,,,,,,,"(0, 12)","(12, 23)",,,,,,
REAL_BACK_EM_2024-02-01_14-30_,,,,,,,,,,,,"(0, 15)","(15, 26)",,,,,,
REAL_BACK_EM_2024-04-16_09-31_,,,,,,,,,,,,"(0, 16)","(24, 34)",,,,,,
REAL_BACK_ES_2024-03-19_10-51_,,,,,,,,,,,,"(0, 17)","(17, 28)",,,,,,
REAL_BACK_ET_2024-01-31_09-31_,,,,,,,,,,,,"(0, 55)","(55, 81)",,,,,,
REAL_BACK_GC_2024-03-05_09-57_,,,,,,,,,,,,"(0, 27)","(27, 41)",,,,,,
REAL_BACK_GC_2024-03-26_09-18_,,,,,,,,,,,,"(0, 14)","(14, 27)",,,,,,
REAL_BACK_HM_2024-03-13_09-26_,,,,,,,,,,,,"(0, 13)","(13, 22)",,,,,,
REAL_BACK_JE_2024-02-01_14-30_,,,,,,,,,,,,"(0, 18)","(18, 33)",,,,,,
REAL_BACK_JE_2024-03-05_09-57_,,,,,,,,,,,,"(0, 14)","(14, 26)",,,,,,
REAL_BACK_JE_2024-04-16_09-31_,,,,,,,,,,,,"(0, 16)","(16, 28)",,,,,,
REAL_BACK_JP_2024-04-11_09-16_,,,,,,,,,,,,"(0, 16)","(16, 29)",,,,,,
REAL_BACK_KH_2024-03-07_11-34_,,,,,,,,,,,,"(10, 23)","(23, 36)",,,,,,
REAL_BACK_MB_2024-02-14_09-59_,,,,,,,,,,,,"(0, 18)","(18, 29)",,,,,,
REAL_BACK_MC_2024-02-16_16-25_,,,,,,,,,,,,,"(20, 29)",,,,,,
REAL_BACK_MK_2024-04-16_09-31_,,,,,,,,,,,,"(0, 22)","(22, 42)",,,,,,
REAL_BACK_MO_2024-04-02_09-56_,,,,,,,,,,,,"(4, 18)","(18, 29)",,,,,,
REAL_BACK_MW_2024-02-16_16-25_,,,,,,,,,,,,"(14, 27)","(27, 40)",,,,,,
REAL_BACK_MW_2024-04-16_09-31_,,,,,,,,,,,,,,,,,,,
REAL_BACK_NB_2024-01-31_09-31_,,,,,,,,,,,,"(0, 16)","(16, 27)",,,,,,
REAL_BACK_NB_2024-02-01_14-30_,,,,,,,,,,,,"(0, 14)","(14, 26)",,,,,,
REAL_BACK_NB_2024-02-14_09-59_,,,,,,,,,,,,"(14, 26)",,,,,,,
REAL_BACK_NB_2024-04-11_09-16_,,,,,,,,,,,,"(0, 13)","(13, 23)",,,,,,
REAL_BACK_NB_2024-04-16_09-31_,,,,,,,,,,,,"(0, 15)","(15, 24)",,,,,,
REAL_BACK_PJ_2024-02-01_14-30_,,,,,,,,,,,,"(0, 19)","(19, 37)",,,,,,
REAL_BACK_PJ_2024-04-10_09-34_,,,,,,,,,,,,"(0, 15)","(15, 29)",,,,,,
REAL_BACK_RA_2024-03-21_11-32_,,,,,,,,,,,,"(0, 10)","(10, 19)",,,,,,
REAL_BACK_RF_2024-03-13_09-26_,,,,,,,,,,,,"(0, 18)","(18, 32)",,,,,,
REAL_BACK_RK_2024-02-01_14-30_,,,,,,,,,,,,"(0, 18)","(18, 36)",,,,,,
REAL_BACK_RK_2024-03-05_09-57_,,,,,,,,,,,,"(0, 17)","(17, 29)",,,,,,
REAL_BACK_RK_2024-04-02_09-56_,,,,,,,,,,,,"(0, 12)","(12, 22)",,,,,,
REAL_BACK_RM_2024-03-05_09-57_,,,,,,,,,,,,"(0, 23)","(23, 46)",,,,,,
REAL_BACK_RS_2024-02-14_09-59_,,,,,,,,,,,,"(0, 13)","(13, 26)",,,,,,
REAL_BACK_SH_2024-02-01_14-30_,,,,,,,,,,,,"(0, 20)","(20, 38)",,,,,,
REAL_BACK_SH_2024-03-12_09-36_,,,,,,,,,,,,"(0, 23)","(23, 38)",,,,,,
REAL_BACK_SL_2024-03-28_09-37_,,,,,,,,,,,,"(0, 16)","(16, 28)",,,,,,
REAL_BACK_TG_2024-03-28_09-37_,,,,,,,,,,,,"(0, 15)","(15, 28)",,,,,,
REAL_ELBOWS_EG_2024-04-10_09-34_,,,"(0, 12)",,,,,,,,,,,,,,,,
REAL_HIP_EM_2024-02-01_14-30_,,,,,,,,,,,,"(0, 14)","(14, 22)",,,,,,
REAL_KNEES_AR_2024-03-21_11-32_,,,,,,,,,,,"(0, 11)",,,,,,,,
REAL_KNEES_CN_2024-03-19_10-51_,,,,,,,,,,,"(0, 10)",,,,,,,,
REAL_KNEES_JE_2024-04-16_09-31_,,,,,,,,,,,"(0, 10)",,,,,,,,
REAL_KNEES_JP_2024-04-11_09-16_,,,,,,,,,,,"(0, 9)",,,,,,,,
REAL_KNEES_MK_2024-04-16_09-31_,,,,,,,,,,,"(0, 10)",,,,,,,,
REAL_KNEES_NB_2024-04-11_09-16_,,,,,,,,,,,"(0, 9)",,,,,,,,
REAL_KNEES_RA_2024-04-11_09-16_,,,,,,,,,,,"(0, 9)",,,,,,,,
REAL_KNEES_SH_2024-02-01_14-30_,,,,,,,,,,,"(0, 15)",,,,,,,,
REAL_KNEES_SH_2024-03-12_09-36_,,,,,,,,,,,"(0, 15)",,,,,,,,
REAL_LEFT_DF_2024-03-28_09-37_,"(10, 29)",,,,,,,,,,,,,,,,,,
REAL_LEFT_ELBOW_HD_2024-02-16_16-25_,,,,,,,,,,,,,,"(7, 14)",,,,,
REAL_LEFT_SHOULDER_BR_2024-02-14_09-59_,"(0, 17)","(17, 32)",,,,,,,,,,,,,,,,,
REAL_LEFT_SHOULDER_BR_2024-03-05_09-57_,"(0, 5)","(5, 14)",,,,,,,,,,,,,,,,,
REAL_LEFT_SHOULDER_BR_2024-03-19_10-51_,"(0, 5)","(5, 12)",,,,,,,,,,,,,,,,,
REAL_LEFT_SHOULDER_CT_2024-02-01_14-30_,,"(12, 27)",,,,,,,,,,,,,,,,,
REAL_LEFT_SHOULDER_CT_2024-04-04_10-54_,"(0, 9)","(9, 21)",,,,,,,,,,,,,,,,,
REAL_LEFT_SHOULDER_DF_2024-02-01_14-30_,"(0, 11)","(11, 33)",,,,,,,,,,,,,,,,,
REAL_LEFT_SHOULDER_FA_2024-01-31_09-31_,"(0, 10)","(10, 26)",,,,,,,,,,,,,,,,,
REAL_LEFT_SHOULDER_FA_2024-03-13_09-26_,"(0, 10)","(10, 28)",,,,,,,,,,,,,,,,,
REAL_LEFT_SHOULDER_FA_2024-03-19_10-51_,"(0, 8)","(8, 20)",,,,,,,,,,,,,,,,,
REAL_LEFT_SHOULDER_FA_2024-03-26_09-18_,"(0, 7)","(7, 21)",,,,,,,,,,,,,,,,,
REAL_LEFT_SHOULDER_HK_2024-03-13_09-26_,"(0, 10)","(10, 24)",,,,,,,,,,,,,,,,,
REAL_LEFT_SHOULDER_JP_2024-02-16_16-25_,,"(10, 25)",,,,,,,,,,,,,,,,,
REAL_LEFT_SHOULDER_MC_2024-02-16_16-25_,"(5, 12)","(12, 22)",,,,,,,,,,,,,,,,,
REAL_LEFT_SHOULDER_RK_2024-04-04_10-54_,"(0, 10)","(10, 22)",,,,,,,,,,,,,,,,,
REAL_NECK_BD_2024-02-01_14-30_,,,,,,"(0, 12)",,,,,,,,,,,,,
REAL_NECK_BD_2024-03-05_09-57_,,,,,,"(11, 24)","(24, 39)","(39, 50)",,,,,,,,,,,
REAL_NECK_BD_2024-03-26_09-18_,,,,,,"(0, 13)","(13, 27)","(27, 38)",,,,,,,,,,,
REAL_NECK_BD_2024-04-16_09-31_,,,,,,"(0, 12)","(12, 24)","(24, 34)",,,,,,,,,,,
REAL_NECK_CI_2024-03-28_09-37_,,,,,,"(0, 14)","(14, 23)","(23, 34)",,,,,,,,,,,
REAL_NECK_CN_2024-03-19_10-51_,,,,,,"(0, 9)","(9, 15)","(15, 25)",,,,,,,,,,,
REAL_NECK_EG_2024-04-10_09-34_,,,,,,"(0, 9)","(9, 16)","(16, 24)",,,,,,,,,,,
REAL_NECK_EJ_2024-03-21_11-32_,,,,,,"(10, 20)",,"(20, 28)",,,,,,,,,,,
REAL_NECK_EM_2024-02-01_14-30_,,,,,,"(0, 10)","(10, 18)","(18, 29)",,,,,,,,,,,
REAL_NECK_EM_2024-03-19_10-51_,,,,,,"(0, 14)","(14, 23)","(23, 34)",,,,,,,,,,,
REAL_NECK_ES_2024-02-01_14-30_,,,,,,"(6, 14)","(14, 25)","(29, 40)",,,,,,,,,,,
REAL_NECK_ES_2024-03-19_10-51_,,,,,,"(0, 11)","(11, 23)","(23, 33)",,,,,,,,,,,
REAL_NECK_FA_2024-03-13_09-26_,,,,,,"(5, 13)","(13, 22)","(22, 32)",,,,,,,,,,,
REAL_NECK_FA_2024-04-16_09-31_,,,,,,"(0, 12)","(12, 21)","(21, 33)",,,,,,,,,,,
REAL_NECK_GC_2024-03-05_09-57_,,,,,,"(0, 10)","(10, 19)","(19, 31)",,,,,,,,,,,
REAL_NECK_HD_2024-02-16_16-25_,,,,,,"(27, 37)","(37, 43)","(43, 52)",,,,,,,,,,,
REAL_NECK_JE_2024-03-05_09-57_,,,,,,"(0, 12)","(12, 22)","(22, 35)",,,,,,,,,,,
REAL_NECK_JE_2024-04-16_09-31_,,,,,,"(0, 13)","(13, 24)","(24, 37)",,,,,,,,,,,
REAL_NECK_MB_2024-02-01_14-30_,,,,,,"(0, 12)","(12, 22)","(22, 36)",,,,,,,,,,,
REAL_NECK_MB_2024-03-05_09-57_,,,,,,"(13, 23)",,"(23, 35)",,,,,,,,,,,
REAL_NECK_MB_2024-04-16_09-31_,,,,,,"(6, 18)","(18, 31)","(31, 42)",,,,,,,,,,,
REAL_NECK_MF_2024-02-16_16-25_,,,,,,"(20, 29)","(29, 36)","(36, 45)",,,,,,,,,,,
REAL_NECK_MW_2024-04-16_09-31_,,,,,,"(0, 10)","(10, 20)","(20, 31)",,,,,,,,,,,
REAL_NECK_NB_2024-02-01_14-30_,,,,,,"(0, 15)","(15, 25)","(25, 36)",,,,,,,,,,,
REAL_NECK_NB_2024-04-16_09-31_,,,,,,"(0, 11)","(11, 21)","(21, 31)",,,,,,,,,,,
REAL_NECK_PJ_2024-03-19_10-51_,,,,,,"(39, 60)","(60, 77)","(77, 93)",,,,,,,,,,,
REAL_NECK_RF_2024-03-13_09-26_,,,,,,"(0, 11)","(11, 20)","(20, 30)",,,,,,,,,,,
REAL_NECK_RS_2024-02-14_09-59_,,,,,,"(0, 15)","(15, 25)","(25, 35)",,,,,,,,,,,
REAL_NECK_SL_2024-03-28_09-37_,,,,,,"(0, 11)","(11, 20)","(20, 29)",,,,,,,,,,,
REAL_NECK_SM1_2024-03-28_09-37_,,,,,,"(0, 11)","(11, 20)","(20, 32)",,,,,,,,,,,
REAL_NECK_SM_2024-03-28_09-37_,,,,,,,,,,,,,,,,,,,
REAL_NECK_TG_2024-03-28_09-37_,,,,,,"(0, 15)","(15, 27)","(27, 40)",,,,,,,,,,,
REAL_RIGHT_SHOULDER_BD_2024-04-16_09-31_,,,,"(14, 31)","(31, 47)",,,,,,,,,,,,,,
REAL_RIGHT_SHOULDER_JP_2024-02-01_14-30_,,,,"(0, 15)","(15, 36)",,,,,,,,,,,,,,
REAL_RIGHT_SHOULDER_JP_2024-02-16_16-25_,,,,"(0, 10)","(10, 26)",,,,,,,,,,,,,,
REAL_RIGHT_SHOULDER_MF_2024-02-16_16-25_,,,,"(0, 8)","(8, 20)",,,,,,,,,,,,,,
REAL_RIGHT_SHOULDER_NB_2024-04-02_09-56_,,,,"(0, 7)","(7, 18)",,,,,,,,,,,,,,
REAL_SHOULDERS_CI_2024-04-11_09-16_,,,,,,,,,"(0, 14)","(14, 27)",,,,,,,,,
REAL_SHOULDERS_EG_2024-04-10_09-34_,,,,,,,,,"(0, 10)","(10, 26)",,,,,,,,,
REAL_SHOULDERS_EJ_2024-03-21_11-32_,,,,,,,,,"(0, 7)","(7, 18)",,,,,,,,,
REAL_SHOULDERS_EM_2024-03-19_10-51_,,,,,,,,,"(0, 12)","(12, 29)",,,,,,,,,
REAL_SHOULDERS_ES_2024-03-19_10-51_,,,,,,,,,"(13, 20)","(20, 36)",,,,,,,,,
REAL_SHOULDERS_HD_2024-02-16_16-25_,,,,,,,,,"(0, 9)","(9, 20)",,,,,,,,,
REAL_SHOULDERS_HK_2024-04-16_09-31_,"(0, 10)","(10, 24)",,,,,,,,,,,,,,,,,
REAL_SHOULDERS_MC_2024-04-16_09-31_,,,,,,,,,"(0, 12)","(12, 28)",,,,,,,,,
REAL_SHOULDERS_MW_2024-04-16_09-31_,,,,,,,,,"(0, 10)","(10, 24)",,,,,,,,,
REAL_SHOULDERS_NB_2024-04-16_09-31_,,,,,,,,,"(0, 11)","(11, 31)",,,,,,,,,
REAL_SHOULDERS_PJ_2024-04-10_09-34_,,,,,,,,,"(0, 17)","(17, 37)",,,,,,,,,
REAL_SHOULDERS_RA_2024-04-11_09-16_,,,,,,,,,"(0, 9)","(9, 20)",,,,,,,,,
REAL_SHOULDERS_RS_2024-02-14_09-59_,,,,,,,,,"(0, 9)","(9, 23)",,,,,,,,,
REAL_SHOULDER_CN_2024-03-19_10-51_,,,,,,,,,"(0, 12)","(12, 26)",,,,,,,,,
REAL_SHOULDER_MC_2024-02-01_14-30_,,,,,,,,,"(0, 12)","(12, 26)",,,,,,,,,
REAL_SHOULDER_SL_2024-03-28_09-37_,,,,"(0, 11)","(11, 26)",,,,,,,,,,,,,,
REAL_SHOULDER_TG_2024-03-28_09-37_,,,,,,,,,"(0, 13)","(13, 29)",,,,,,,,,
CONSISTECNY_1_FAKE_BACK_MB_2024-04-24_09-04_,,,,,,,,,,,,"(11, 22)","(22, 47)",,,,,,
CONSISTECNY_2_FAKE_BACK_MB_2024-04-24_09-04_,,,,,,,,,"(0, 11)","(11, 25)",,"(25, 40)",,,,,,,
CONSISTENCY_1_FAKE_ELBOWS_BD_2024-04-24_09-04_,,,"(6, 16)",,,,,,,,,,,,,,,,
CONSISTENCY_1_FAKE_NECK_NB_2024-04-23_09-20_,,,,,,"(0, 14)","(14, 25)","(25, 35)",,,,,,,,,,,
CONSISTENCY_1_REAL_BACK_RK_2024-04-23_09-20_,,,,,,,,,,,,"(0, 15)","(15, 27)",,,,,,
CONSISTENCY_1_REAL_KNEES_SH_2024-04-23_09-20_,,,,,,,,,,,"(0, 22)",,,,,,,,
CONSISTENCY_1_REAL_NECK_FA_2024-04-24_09-04_,,,,,,"(0, 9)","(9, 17)","(17, 27)",,,,,,,,,,,
CONSISTENCY_1_REAL_SHOULDERS_NB_2024-04-24_09-04_,,,,,,,,,"(6, 13)","(13, 26)",,,,,,,,,
CONSISTENCY_2_FAKE_ELBOWS_BD_2024-04-24_09-04_,,,"(13, 16)",,,,,,"(4, 11)","(30, 41)",,,,,,,,,
CONSISTENCY_2_FAKE_NECK_NB_2024-04-23_09-20_,,,,,,,,,"(0, 10)","(10, 23)",,,,,,,,,
CONSISTENCY_2_REAL_BACK_AA_2024-04-23_09-20_,"(0, 10)","(10, 27)",,,,,,,,,,"(27, 38)","(38, 46)",,,,,,
CONSISTENCY_2_REAL_BACK_RK_2024-04-23_09-20_,,,,"(0, 8)","(8, 17)",,,,,,,"(17, 27)","(27, 39)",,,,,,
CONSISTENCY_2_REAL_KNEES_SH_2024-04-23_09-20_,,,,,,,,,,,"(43, 59)","(2, 25)","(25, 43)",,,,,,
CONSISTENCY_2_REAL_NECK_FA_2024-04-24_09-04_,,,,"(0, 11)","(11, 24)","(24, 32)","(32, 41)","(41, 50)",,,,,,,,,,,
CONSISTENCY_2_REAL_SHOULDERS_NB_2024-04-24_09-04_,,,,,,,,,"(28, 37)","(37, 51)",,"(0, 18)","(18, 28)",,,,,,
FAKE_RIGHT_SHOULDER_DF_2024-04-24_09-04_,,,,"(0, 8)","(8, 19)",,,,,,,,,,,,,,
FAKE_SHOULDERS_EM_2024-04-23_09-20_,,,,,,,,,"(0, 7)","(7, 18)",,,,,,,,,
REAL_BACK_EJ_2024-04-24_09-04_,,,,,,,,,,,,"(0, 10)","(10, 19)",,,,,,
REAL_BACK_EM_2024-04-23_09-20_,,,,,,,,,,,,"(0, 16)","(16, 28)",,,,,,
REAL_BACK_LN_2024-04-24_09-04_,,,,,,,,,,,,"(0, 27)",,,,,,,
REAL_BACK_NB_2024-04-23_09-20_,,,,,,,,,,,,"(3, 12)","(12, 23)",,,,,,
REAL_KNEES_NB_2024-04-23_09-20_,,,,,,,,,,,"(0, 7)",,,,,,,,
REAL_KNEES_NB_2024-04-24_09-04_,,,,,,,,,,,"(0, 9)",,,,,,,,
REAL_LEFT_SHOULDER_DF_2024-04-24_09-04_,"(13, 21)","(21, 40)",,,,,,,,,,,,,,,,,
REAL_NECK_BD_2024-04-24_09-04_,,,,,,"(0, 14)","(14, 26)","(26, 37)",,,,,,,,,,,
REAL_NECK_EJ_2024-04-24_09-04_,,,,,,"(4, 13)","(13, 25)","(25, 36)",,,,,,,,,,,
REAL_NECK_LN_2024-04-24_09-04_,,,,,,"(4, 20)","(20, 35)","(35, 49)",,,,,,,,,,,
REAL_SHOULDERS_EJ_2024-04-24_09-04_,,,,,,,,,"(0, 9)","(9, 20)",,,,,,,,,
REAL_SHOULDERS_LN_2024-04-24_09-04_,,,,,,,,,"(0, 20)","(20, 35)",,,,,,,,,
CONSISTECNY_1_REAL_BACK_AA_2024-04-30_10-27_,,,,,,,,,,,,"(13, 33)","(33, 43)",,,,,,
CONSISTECNY_1_REAL_BACK_KH_2024-06-06_09-43_,,,,,,,,,,,,"(3, 15)","(15, 28)",,,,,,
CONSISTECNY_1_REAL_BACK_MC_2024-05-21_11-32_,,,,,,,,,,,,"(0, 12)","(12, 20)",,,,,,
CONSISTECNY_1_REAL_LEFT_SHOULDER_RK_2024-04-30_09-07_,"(0, 9)","(9, 19)",,,,,,,,,,,,,,,,,
CONSISTECNY_1_REAL_NECK_EJ_2024-05-16_09-07_,,,,,,"(0, 14)","(14, 25)","(25, 36)",,,,,,,,,,,
CONSISTECNY_1_REAL_NECK_MB_2024-05-14_10-28_,,,,,,"(11, 25)","(25, 34)","(34, 46)",,,,,,,,,,,
CONSISTECNY_2_REAL_BACK_AA_2024-04-30_10-27_,,,,,,,,,,,,"(11, 25)","(25, 32)",,,,,,
CONSISTECNY_2_REAL_LEFT_SHOULDER_RK_2024-04-30_09-07_,"(16, 23)","(23, 30)",,"(3, 10)","(10, 16)",,,,,,,,,,,,,,
CONSISTECNY_2_REAL_NECK_EJ_2024-05-16_09-07_,,,,"(0, 10)","(10, 21)","(21, 35)","(35, 44)","(44, 55)",,,,,,,,,,,
CONSISTENCY_1_ELBOWS_CI_2024-05-09_09-01_,,,"(0, 8)",,,,,,,,,,,,,,,,
CONSISTENCY_1_FAKE_ELBOWS_EM_2024-06-18_10-03_,,,"(0, 8)",,,,,,,,,,,,,,,,
CONSISTENCY_1_FAKE_ELBOWS_NB_2024-06-11_09-07_,,,"(0, 9)",,,,,,,,,,,,,,,,
CONSISTENCY_1_FAKE_ELBOWS_RA_2024-07-11_09-18_,,,"(5, 14)",,,,,,,,,,,,,,,,
CONSISTENCY_1_FAKE_ELBOWS_RK_2024-05-07_09-53_,,,"(0, 7)",,,,,,,,,,,,,,,,
CONSISTENCY_1_FAKE_KNEES_BD_2024-07-16_09-43_,,,,,,,,,,,"(15, 27)",,,,,,,,
CONSISTENCY_1_FAKE_KNEES_EM_2024-06-11_09-07_,,,,,,,,,,,"(0, 9)",,,,,,,,
CONSISTENCY_1_FAKE_KNEES_MC_2024-07-11_09-18_,,,,,,,,,,,"(3, 10)",,,,,,,,
CONSISTENCY_1_FAKE_NECK_AA_2024-06-04_09-07_,,,,,,"(0, 14)","(14, 22)","(22, 32)",,,,,,,,,,,
CONSISTENCY_1_FAKE_NECK_RK_2024-07-16_09-43_,,,,,,"(0, 11)","(11, 21)","(21, 29)",,,,,,,,,,,
CONSISTENCY_1_FAKE_RIGHT_SHOULDER_AA_2024-05-28_10-48_,,,,"(0, 8)","(8, 22)",,,,,,,,,,,,,,
CONSISTENCY_1_FAKE_RIGHT_SHOULDER_HK_2024-06-27_11-11_,,,,"(2, 9)","(9, 23)",,,,,,,,,,,,,,
CONSISTENCY_1_FAKE_RIGHT_SHOULDER_MC_2024-07-04_09-56_,,,,"(2, 8)","(8, 22)",,,,,,,,,,,,,,
CONSISTENCY_1_FAKE_SHOULDERS_MB_2024-05-07_09-53_,,,,,,,,,"(8, 16)","(16, 30)",,,,,,,,,
CONSISTENCY_1_FAKE_SHOULDERS_MC_2024-05-08_09-16_,,,,,,,,,"(0, 8)","(8, 17)",,,,,,,,,
CONSISTENCY_1_FAKE_SHOULDERS_NB_2024-06-04_09-07_,,,,,,,,,"(0, 8)","(8, 18)",,,,,,,,,
CONSISTENCY_1_FAKE_SHOULDERS_RA_2024-07-04_09-56_,,,,,,,,,"(0, 8)","(8, 18)",,,,,,,,,
CONSISTENCY_1_FAKE_WRISTS_NB_2024-07-23_09-20_,,,,,,,,,,,,,,,,,,,
CONSISTENCY_1_FAKE_WRISTS_NB_2024-07-23_10-23_,,,,,,,,,,,,,,,,"(1, 15)",,,
CONSISTENCY_1_LEFT_SHOULDER_DF_2024-07-16_09-43_,,,,,,,,,,,,,,,,,,,
CONSISTENCY_1_NECK_HD_2024-05-09_09-01_,,,,,,"(0, 11)","(11, 20)","(20, 30)",,,,,,,,,,,
CONSISTENCY_1_REAL_BACK_BD_2024-05-15_09-25_,,,,,,,,,,,,"(0, 27)","(35, 46)",,,,,,
CONSISTENCY_1_REAL_BACK_BK_2024-07-11_09-18_,,,,,,,,,,,,"(0, 14)","(14, 27)",,,,,,
CONSISTENCY_1_REAL_BACK_DF_2024-05-23_09-08_,,,,,,,,,,,,"(0, 16)","(16, 29)",,,,,,
CONSISTENCY_1_REAL_BACK_EJ_2024-06-06_09-43_,,,,,,,,,,,,"(0, 12)","(12, 20)",,,,,,
CONSISTENCY_1_REAL_BACK_EM_2024-05-15_09-25_,,,,,,,,,,,,"(0, 14)","(14, 23)",,,,,,
CONSISTENCY_1_REAL_BACK_JE_2024-07-03_10-19_,,,,,,,,,,,,"(2, 14)","(14, 25)",,,,,,
CONSISTENCY_1_REAL_BACK_JP_2024-05-16_09-07_,,,,,,,,,,,,"(5, 24)","(24, 37)",,,,,,
CONSISTENCY_1_REAL_BACK_MC_2024-05-09_09-01_,,,,,,,,,,,,"(0, 12)","(12, 20)",,,,,,
CONSISTENCY_1_REAL_BACK_NB_2024-04-30_10-27_,,,,,,,,,,,,"(0, 17)","(17, 30)",,,,,,
CONSISTENCY_1_REAL_BACK_NB_2024-06-12_10-10_,,,,,,,,,,,,"(4, 19)","(19, 32)",,,,,,
CONSISTENCY_1_REAL_BACK_NB_2024-07-03_10-19_,,,,,,,,,,,,"(3, 13)","(13, 25)",,,,,,
CONSISTENCY_1_REAL_BACK_PJ_2024-06-18_10-03_,,,,,,,,,,,,"(0, 17)","(17, 31)",,,,,,
CONSISTENCY_1_REAL_BACK_RA_2024-07-11_09-18_,,,,,,,,,,,,"(0, 8)","(8, 16)",,,,,,
CONSISTENCY_1_REAL_BACK_SM_2024-07-09_09-52_,,,,,,,,,,,,"(2, 13)","(13, 25)",,,,,,
CONSISTENCY_1_REAL_KNEES_NB_2024-05-09_09-01_,,,,,,,,,,,"(0, 7)",,,,,,,,
CONSISTENCY_1_REAL_LEFT_SHOULDER_FA_2024-05-14_09-28_,"(3, 11)","(11, 22)",,,,,,,,,,,,,,,,,
CONSISTENCY_1_REAL_LEFT_SHOULDER_MC_2024-05-02_10-37_,"(0, 8)","(8, 18)",,,,,,,,,,,,,,,,,
CONSISTENCY_1_REAL_NECK_BD_2024-06-12_10-10_,,,,,,"(0, 14)","(14, 26)","(26, 34)",,,,,,,,,,,
CONSISTENCY_1_REAL_NECK_CI_2024-06-06_09-43_,,,,,,"(1, 10)","(10, 18)","(18, 30)",,,,,,,,,,,
CONSISTENCY_1_REAL_NECK_DF_2024-04-30_10-27_,,,,,,,,,,,,,,,,,,,
CONSISTENCY_1_REAL_NECK_DF_2024-05-02_10-37_,,,,,,"(0, 11)","(11, 23)","(23, 35)",,,,,,,,,,,
CONSISTENCY_1_REAL_NECK_FA_2024-06-18_10-03_,,,,,,"(0, 8)","(8, 19)","(19, 28)",,,,,,,,,,,
CONSISTENCY_1_REAL_NECK_FA_2024-07-10_09-28_,,,,,,"(0, 9)","(9, 18)","(18, 29)",,,,,,,,,,,
CONSISTENCY_1_REAL_NECK_MB_2024-05-21_11-32_,,,,,,"(4, 16)","(16, 26)","(26, 39)",,,,,,,,,,,
CONSISTENCY_1_REAL_NECK_MB_2024-06-25_09-47_,,,,,,"(0, 12)","(12, 20)","(20, 30)",,,,,,,,,,,
CONSISTENCY_1_REAL_NECK_MC_2024-05-16_09-07_,,,,,,"(2, 10)","(10, 19)","(19, 28)",,,,,,,,,,,
CONSISTENCY_1_REAL_NECK_PJ_2024-05-08_09-16_,,,,,,"(10, 25)","(25, 40)","(40, 56)",,,,,,,,,,,
CONSISTENCY_1_REAL_RIGHT_SHOULDER_AA_2024-05-14_10-28_,,,,"(16, 23)","(2, 9)",,,,,,,,,,,,,,
CONSISTENCY_1_REAL_RIGHT_SHOULDER_NB_2024-06-18_10-03_,,,,"(10, 17)","(17, 30)",,,,,,,,,,,,,,
CONSISTENCY_1_REAL_SHOULDERS_HD_2024-07-18_10-38_,,,,,,,,,"(0, 11)","(11, 25)",,,,,,,,,
CONSISTENCY_1_REAL_SHOULDERS_JE_2024-07-11_09-18_,,,,,,,,,,,,,,,,,,,
CONSISTENCY_1_REAL_SHOULDERS_TG_2024-05-09_09-01_,,,,,,,,,"(0, 11)","(11, 26)",,,,,,,,,
CONSISTENCY_1_REAL_SHOULDER_HD_2024-07-04_09-56_,,,,,,,,,"(3, 11)","(11, 25)",,,,,,,,,
CONSISTENCY_2_FAKE_ELBOWS_CI_2024-05-09_09-01_,,,"(9, 16)",,,,,,,,,,,,,,,,
CONSISTENCY_2_FAKE_ELBOWS_EM_2024-06-18_10-03_,,,"(27, 34)",,,"(0, 9)","(9, 19)","(19, 27)",,,,,,,,,,,
CONSISTENCY_2_FAKE_ELBOWS_RA_2024-07-11_09-18_,,,"(12, 18)","(0, 5)","(5, 12)",,,,,,,,,,,,,,
CONSISTENCY_2_FAKE_ELBOWS_RK_2024-05-07_09-53_,,,"(25, 31)",,,"(0, 10)","(13, 20)",,,,,,,,,,,,
CONSISTENCY_2_FAKE_KNEES_BD_2024-07-16_09-43_,,,"(0, 10)",,,,,,,,"(10, 18)",,,,,,,,
CONSISTENCY_2_FAKE_KNEES_EM_2024-06-11_09-07_,,,,,,,,,"(0, 10)","(10, 24)","(24, 34)",,,,,,,,
CONSISTENCY_2_FAKE_KNEES_MC_2024-07-11_09-18_,,,,"(0, 6)","(6, 16)",,,,,,"(16, 23)",,,,,,,,
CONSISTENCY_2_FAKE_NECK_AA_2024-06-04_09-07_,"(0, 10)","(10, 22)",,,,"(22, 32)","(32, 41)","(41, 51)",,,,,,,,,,,
CONSISTENCY_2_FAKE_NECK_RK_2024-07-16_09-43_,"(0, 10)","(10, 21)",,,,"(21, 34)","(34, 42)","(42, 51)",,,,,,,,,,,
CONSISTENCY_2_FAKE_RIGHT_SHOULDER_AA_2024-05-28_10-48_,,,,,"(27, 38)","(0, 9)","(9, 16)","(16, 27)",,,,,,,,,,,
CONSISTENCY_2_FAKE_RIGHT_SHOULDER_HK_2024-06-27_11-11_,,,,"(32, 37)","(38, 44)",,,,,,,,,,,,,,
CONSISTENCY_1_REAL_LEFT_SHOULDER_MC_2024-08-08_09-19_,"(0, 8)","(8, 16)",,,,,,,,,,,,,,,,,
CONSISTENCY_2_FAKE_RIGHT_SHOULDER_MC_2024-07-04_09-56_,,,"(0, 7)","(7, 12)","(12, 22)",,,,,,,,,,,,,,
CONSISTENCY_2_FAKE_SHOULDERS_MB_2024-05-07_09-53_,,,"(0, 7)",,,,,,"(7, 15)","(15, 27)",,,,,,,,,
CONSISTENCY_2_FAKE_SHOULDERS_MC_2024-05-08_09-16_,,,,,,"(0, 8)","(8, 15)","(15, 22)","(22, 29)","(29, 40)",,,,,,,,,
CONSISTENCY_2_FAKE_SHOULDERS_NB_2024-06-04_09-07_,,,,,,"(0, 10)","(10, 18)","(18, 25)","(25, 31)","(31, 40)",,,,,,,,,
CONSISTENCY_2_FAKE_SHOULDERS_RA_2024-07-04_09-56_,,,"(0, 7)",,,,,,"(7, 12)","(12, 20)",,,,,,,,,
CONSISTENCY_2_FAKE_WRISTS_NB_2024-07-23_10-23_,,,"(7, 17)",,,,,,,,,,,,,"(17, 31)",,,
CONSISTENCY_2_RAKE_ELBOWS_NB_2024-06-11_09-07_,,,"(12, 21)",,,,,,,,,"(0, 12)",,,,,,,
CONSISTENCY_2_REAL_BACK_BD_2024-05-15_09-25_,,,,,,,,,,,"(2, 10)",,"(20, 29)",,,,,,
CONSISTENCY_2_REAL_BACK_BK_2024-07-11_09-18_,"(0, 10)","(11, 23)",,,,,,,,,,"(23, 40)","(40, 53)",,,,,,
CONSISTENCY_2_REAL_BACK_DF_2024-05-23_09-08_,,,,"(5, 14)","(14, 26)",,,,,,,"(26, 41)","(41, 53)",,,,,,
CONSISTENCY_2_REAL_BACK_EJ_2024-06-06_09-43_,,,,,,,,,"(0, 11)","(11, 24)",,"(18, 28)","(29, 36)",,,,,,
CONSISTENCY_2_REAL_BACK_JE_2024-07-03_10-19_,,,,,,"(0, 13)","(13, 22)","(22, 36)",,,,"(36, 52)","(52, 63)",,,,,,
CONSISTENCY_2_REAL_BACK_JP_2024-05-16_09-07_,,,,"(0, 12)","(12, 37)",,,,,,,"(37, 53)","(53, 67)",,,,,,
CONSISTENCY_2_REAL_BACK_KH_2024-06-06_09-43_,"(5, 12)","(12, 25)",,,,,,,,,,"(25, 39)","(39, 50)",,,,,,
CONSISTENCY_2_REAL_BACK_MC_2024-05-09_09-01_,,,,,,"(0, 8)","(8, 15)","(15, 21)",,,,"(21, 34)","(34, 42)",,,,,,
CONSISTENCY_2_REAL_BACK_MC_2024-05-21_11-32_,,,,,,,,,"(2, 10)","(10, 18)",,,"(25, 32)",,,,,,
CONSISTENCY_2_REAL_BACK_NB_2024-04-30_10-27_,,,,,,,,,,,"(2, 10)","(10, 26)","(26, 40)",,,,,,
CONSISTENCY_2_REAL_BACK_NB_2024-06-12_10-10_,,,,,,,,,"(2, 13)","(13, 33)",,"(33, 47)","(47, 61)",,,,,,
CONSISTENCY_2_REAL_BACK_NB_2024-07-03_10-19_,,,,,,,,,"(2, 11)","(11, 28)",,"(28, 39)","(39, 49)",,,,,,
CONSISTENCY_2_REAL_BACK_RA_2024-07-11_09-18_,,,,,,,,,,,"(0, 6)","(6, 13)","(13, 19)",,,,,,
CONSISTENCY_2_REAL_BACK_SM_2024-07-09_09-52_,,,,,,,,,,,,"(9, 17)","(17, 28)",,,,"(1, 9)",,
CONSISTENCY_2_REAL_KNEES_NB_2024-05-09_09-01_,,,,,,,,,,,"(21, 27)","(0, 13)","(13, 21)",,,,,,
CONSISTENCY_2_REAL_LEFT_SHOULDER_FA_2024-05-14_09-28_,"(14, 19)","(19, 27)",,"(0, 6)","(6, 14)",,,,,,,,,,,,,,
CONSISTENCY_2_REAL_LEFT_SHOULDER_MC_2024-05-02_10-37_,"(25, 29)","(29, 37)",,,,,,,,,,"(5, 18)","(18, 25)",,,,,,
CONSISTENCY_2_REAL_LEFT_SHOULDER_MC_2024-08-08_09-19_,"(25, 30)","(30, 39)",,,,,,,,,,"(0, 15)","(15, 25)",,,,,,
CONSISTENCY_2_REAL_NECK_BD_2024-06-12_10-10_,,,,,,,"(63, 79)",,,,,"(7, 39)","(43, 50)",,,,,,
CONSISTENCY_2_REAL_NECK_CI_2024-06-06_09-43_,,,,,,"(22, 33)","(33, 41)","(41, 51)",,,,"(0, 12)","(12, 22)",,,,,,
CONSISTENCY_2_REAL_NECK_DF_2024-05-02_10-37_,"(0, 10)","(10, 29)",,,,"(29, 45)","(45, 55)","(55, 68)",,,,,,,,,,,
CONSISTENCY_2_REAL_NECK_FA_2024-06-18_10-03_,"(0, 10)","(10, 17)",,,,"(17, 26)","(26, 33)","(33, 44)",,,,,,,,,,,
CONSISTENCY_2_REAL_NECK_FA_2024-07-10_09-28_,"(0, 10)","(10, 23)",,,,"(23, 32)","(32, 41)","(41, 50)",,,,,,,,,,,
CONSISTENCY_2_REAL_NECK_HD_2024-05-09_09-01_,,,,,,"(24, 33)","(33, 41)","(41, 51)","(0, 10)","(10, 24)",,,,,,,,,
CONSISTENCY_2_REAL_NECK_MB_2024-05-14_10-28_,,,,,,"(21, 34)","(34, 40)","(40, 49)","(0, 9)","(9, 21)",,,,,,,,,
CONSISTENCY_2_REAL_NECK_MB_2024-05-21_11-32_,,,,,,"(26, 37)","(37, 45)","(45, 56)",,,,"(3, 16)","(16, 26)",,,,,,
CONSISTENCY_2_REAL_NECK_MB_2024-06-25_09-47_,,,"(0, 8)",,,,,"(8, 18)",,,,,,,,,,,
CONSISTENCY_2_REAL_NECK_MC_2024-05-16_09-07_,,,,,,"(20, 26)","(26, 35)","(35, 45)","(0, 10)","(10, 20)",,,,,,,,,
CONSISTENCY_2_REAL_NECK_PJ_2024-05-08_09-16_,,,,,,"(43, 56)","(56, 69)","(69, 80)",,,,"(5, 20)","(20, 36)",,,,,,
CONSISTENCY_2_REAL_RIGHT_SHOULDER_AA_2024-05-14_10-28_,"(0, 10)","(10, 22)",,"(22, 31)","(31, 44)",,,,,,,,,,,,,,
CONSISTENCY_2_REAL_RIGHT_SHOULDER_NB_2024-06-18_10-03_,"(0, 7)","(7, 15)",,"(15, 22)","(22, 32)",,,,,,,,,,,,,,
CONSISTENCY_2_REAL_SHOULDERS_HD_2024-07-04_09-56_,,,,,,"(0, 12)","(12, 22)","(22, 33)","(33, 43)","(43, 57)",,,,,,,,,
CONSISTENCY_2_REAL_SHOULDERS_HD_2024-07-18_10-38_,,,,,,"(0, 12)","(12, 22)","(22, 32)","(32, 43)","(43, 54)",,,,,,,,,
CONSISTENCY_2_REAL_SHOULDERS_TG_2024-05-09_09-01_,,,,,,,,,"(24, 31)","(31, 41)",,"(0, 12)","(12, 24)",,,,,,
FAKE_BACK_EM_2024-05-28_10-48_,,,,,,,,,,,,"(0, 7)",,,,,,,
FAKE_BACK_FA_2024-06-05_09-09_,,,,,,,,,,,,"(0, 15)","(15, 24)",,,,,,
FAKE_BACK_MB1_2024-06-04_09-07_,,,,,,,,,,,,"(5, 21)","(21, 35)",,,,,,
FAKE_ELBOWS_AA_2024-07-16_09-43_,,,"(0, 8)",,,,,,,,,,,,,,,,
FAKE_ELBOWS_BD_2024-07-03_10-19_,,,"(0, 9)",,,,,,,,,,,,,,,,
FAKE_ELBOWS_BK_2024-06-13_09-26_,,,"(0, 4)",,,,,,,,,,,,,,,,
FAKE_ELBOWS_EM_2024-05-30_09-08_,,,"(0, 9)",,,,,,,,,,,,,,,,
FAKE_ELBOWS_EM_2024-07-23_10-23_,,,"(0, 7)",,,,,,,,,,,,,,,,
FAKE_ELBOWS_HK_2024-07-11_09-18_,,,"(0, 9)",,,,,,,,,,,,,,,,
FAKE_ELBOWS_JE_2024-07-31_09-36_,,,"(2, 9)",,,,,,,,,,,,,,,,
FAKE_ELBOWS_MB_2024-06-25_09-47_,,,"(3, 10)",,,,,,,,,,,,,,,,
FAKE_ELBOWS_MC_2024-05-30_09-08_,,,"(2, 7)",,,,,,,,,,,,,,,,
FAKE_ELBOWS_NB_2024-07-03_10-19_,,,"(2, 8)",,,,,,,,,,,,,,,,
FAKE_ELBOWS_NB_2024-07-31_09-36_,,,"(3, 9)",,,,,,,,,,,,,,,,
FAKE_ELBOWS_PJ_2024-06-05_09-09_,,,"(21, 31)",,,,,,,,,,,,,,,,
FAKE_ELBOWS_RA_2024-06-13_09-26_,,,"(1, 9)",,,,,,,,,,,,,,,,
FAKE_ELBOWS_SM_2024-06-18_10-03_,,,"(11, 16)",,,,,,,,,,,,,,,,
FAKE_FAKE_LEFT_ELBOW_TG_2024-05-23_09-08_,,,,,,,,,,,,,,"(0, 6)",,,,,
FAKE_KNEES_AA_2024-07-16_09-43_,,,,,,,,,,,"(4, 10)",,,,,,,,
FAKE_KNEES_BD_2024-06-19_09-45_,,,,,,,,,,,"(1, 9)",,,,,,,,
FAKE_KNEES_BK_2024-06-13_09-26_,,,,,,,,,,,"(0, 5)",,,,,,,,
FAKE_KNEES_EM_2024-05-30_09-08_,,,,,,,,,,,"(5, 11)",,,,,,,,
FAKE_KNEES_MB_2024-05-14_10-28_,,,,,,,,,,,"(6, 15)",,,,,,,,
FAKE_KNEES_MC_2024-06-06_09-43_,,,,,,,,,,,"(1, 7)",,,,,,,,
FAKE_KNEES_NB_2024-06-19_09-45_,,,,,,,,,,,"(5, 10)",,,,,,,,
FAKE_KNEES_RK_2024-06-25_09-47_,,,,,,,,,,,"(2, 14)",,,,,,,,
FAKE_KNEES_TG_2024-08-08_09-19_,,,,,,,,,,,"(1, 6)",,,,,,,,
FAKE_LEFT_ELBOW_EJ_2024-05-30_09-08_,,,,,,,,,,,,,,"(2, 8)",,,,,
FAKE_LEFT_SHOULDER_SL_2024-07-23_10-23_,"(3, 12)","(12, 29)",,,,,,,,,,,,,,,,,
FAKE_NECK_AA_2024-07-30_09-17_,,,,,,"(0, 11)","(11, 20)","(20, 29)",,,,,,,,,,,
FAKE_NECK_AS_2024-07-23_10-23_,,,,,,"(0, 8)","(10, 16)","(16, 24)",,,,,,,,,,,
FAKE_NECK_EM_2024-06-26_09-22_,,,,,,"(0, 11)","(11, 21)","(21, 34)",,,,,,,,,,,
FAKE_NECK_FA_2024-05-14_09-28_,,,,,,"(0, 7)","(7, 14)","(14, 24)",,,,,,,,,,,
FAKE_NECK_JP_2024-06-13_09-26_,,,,,,"(7, 19)","(19, 30)","(30, 47)",,,,,,,,,,,
FAKE_NECK_NB_2024-08-06_09-50_,,,,,,"(7, 18)","(18, 27)","(27, 36)",,,,,,,,,,,
FAKE_NECK_RK_2024-07-09_09-52_,,,,,,"(1, 11)","(11, 20)","(20, 28)",,,,,,,,,,,
FAKE_RIGHT_SHOULDER_EM_2024-05-28_10-48_,,,,"(0, 7)","(7, 16)",,,,,,,,,,,,,,
FAKE_RIGHT_SHOULDER_FA_2024-07-10_09-28_,,,,"(0, 9)","(9, 25)",,,,,,,,,,,,,,
FAKE_RIGHT_SHOULDER_KH_2024-07-04_09-56_,,,,"(0, 11)","(11, 26)",,,,,,,,,,,,,,
FAKE_RIGHT_SHOULDER_MC_2024-06-27_09-23_,,,,"(0, 7)","(7, 18)",,,,,,,,,,,,,,
FAKE_RIGHT_SHOULDER_MC_2024-07-31_09-36_,,,,"(1, 6)","(6, 19)",,,,,,,,,,,,,,
FAKE_RIGHT_WRIST_NB_2024-07-02_09-50_,,,,,,,,,,,,,,,,,,"(1, 14)",
FAKE_SHOULDERS_AS_2024-07-31_09-36_,"(0, 7)","(7, 22)",,,,,,,,,,,,,,,,,
FAKE_SHOULDERS_BD_2024-07-31_09-36_,,,,,,,,,"(0, 10)","(10, 19)",,,,,,,,,
FAKE_SHOULDERS_MB_2024-07-02_09-50_,,,,,,,,,"(41, 50)","(50, 64)",,,,,,,,,
FAKE_SHOULDERS_NB_2024-05-21_11-32_,,,,,,,,,"(2, 8)","(8, 19)",,,,,,,,,
FAKE_SHOULDERS_SB_2024-07-18_10-38_,,,,,,,,,"(3, 10)","(10, 28)",,,,,,,,,
FAKE_SHOULDERS_SM_2024-06-18_10-03_,,,,,,,,,"(3, 9)","(9, 19)",,,,,,,,,
FAKE_WRISTS_EM_2024-07-23_10-23_,,,,,,,,,,,,,,,,"(2, 10)",,,
FAKE_WRIST_BD_2024-06-26_09-22_,,,,,,,,,,,,,,,,"(1, 12)",,,
REAL_BACK_AA_2024-07-23_10-23_,,,,,,,,,,,,"(1, 20)","(20, 32)",,,,,,
REAL_BACK_AC_2024-07-16_09-43_,,,,,,,,,,,,"(1, 24)","(24, 38)",,,,,,
REAL_BACK_AE_2024-07-16_09-43_,,,,,,,,,,,,"(6, 20)","(20, 30)",,,,,,
REAL_BACK_BD_2024-07-23_10-23_,,,,,,,,,,,,"(0, 15)","(22, 34)",,,,,,
REAL_BACK_BK_2024-06-05_09-09_,,,,,,,,,,,,"(0, 16)","(16, 27)",,,,,,
REAL_BACK_BK_2024-07-18_10-38_,,,,,,,,,,,,"(23, 36)","(36, 49)",,,,,,
REAL_BACK_BM_2024-07-11_15-57_,,,,,,,,,,,,"(1, 21)","(21, 36)",,,,,,
REAL_BACK_BP_2024-07-16_09-43_,,,,,,,,,,,,"(0, 23)","(23, 37)",,,,,,
REAL_BACK_CR_2024-07-31_09-36_,,,,,,,,,,,,"(0, 29)","(29, 43)",,,,,,
REAL_BACK_CT_2024-05-28_10-48_,,,,,,,,,,,,"(0, 13)","(13, 24)",,,,,,
REAL_BACK_DB_2024-07-31_09-36_,,,,,,,,,,,,"(0, 21)","(26, 35)",,,,,,
REAL_BACK_DD_2024-07-16_09-43_,,,,,,,,,,,,"(1, 21)","(21, 37)",,,,,,
REAL_BACK_EJ_2024-07-11_09-18_,,,,,,,,,,,,"(0, 14)","(15, 25)",,,,,,
REAL_BACK_EM_2024-05-30_09-08_,,,,,,,,,,,,"(0, 15)","(15, 24)",,,,,,
REAL_BACK_EM_2024-06-12_10-10_,,,,,,,,,,,,"(1, 28)","(31, 45)",,,,,,
REAL_BACK_EP_2024-07-31_09-36_,,,,,,,,,,,,"(3, 21)","(21, 29)",,,,,,
REAL_BACK_HD_2024-06-06_09-43_,,,,,,,,,,,,"(17, 33)","(33, 47)",,,,,,
REAL_BACK_JE_2024-06-19_09-45_,,,,,,,,,,,,"(22, 39)","(39, 51)",,,,,,
REAL_BACK_JE_2024-08-07_10-54_,,,,,,,,,,,,"(3, 17)","(17, 28)",,,,,,
REAL_BACK_JS_2024-07-16_09-43_,,,,,,,,,,,,"(1, 15)","(15, 25)",,,,,,
REAL_BACK_JS_2024-07-23_10-23_,,,,,,,,,,,,"(1, 12)","(13, 22)",,,,,,
REAL_BACK_KH_2024-05-30_09-08_,,,,,,,,,,,,"(3, 17)","(17, 27)",,,,,,
REAL_BACK_KH_2024-06-13_09-26_,,,,,,,,,,,,"(1, 12)","(12, 25)",,,,,,
REAL_BACK_KM_2024-07-23_10-23_,,,,,,,,,,,,"(0, 18)","(18, 33)",,,,,,
REAL_BACK_LA_2024-07-11_09-18_,,,,,,,,,,,,"(12, 23)","(23, 30)",,,,,,
REAL_BACK_LN_2024-07-10_09-28_,,,,,,,,,,,,"(3, 31)","(31, 52)",,,,,,
REAL_BACK_MB_2024-07-16_09-43_,,,,,,,,,,,,"(2, 20)","(20, 29)",,,,,,
REAL_BACK_MK_2024-05-21_11-32_,,,,,,,,,,,,"(1, 20)","(20, 36)",,,,,,
REAL_BACK_MK_2024-07-23_10-23_,,,,,,,,,,,,"(5, 22)","(22, 36)",,,,,,
REAL_BACK_MO_2024-07-11_09-18_,,,,,,,,,,,,"(0, 15)","(15, 25)",,,,,,
REAL_BACK_MT_2024-07-16_09-43_,,,,,,,,,,,,,"(28, 43)",,,,,,
REAL_BACK_MW_2024-07-18_10-38_,,,,,,,,,,,,"(2, 16)","(16, 28)",,,,,,
REAL_BACK_MW_2024-07-23_10-23_,,,,,,,,,,,,"(20, 38)",,,,,,,
REAL_BACK_NA_2024-07-16_09-43_,,,,,,,,,,,,"(0, 11)","(11, 20)",,,,,,
REAL_BACK_NB_2024-05-21_11-32_,,,,,,,,,,,,"(4, 17)","(17, 27)",,,,,,
REAL_BACK_NB_2024-06-04_09-07_,,,,,,,,,,,,"(7, 17)","(17, 27)",,,,,,
REAL_BACK_NB_2024-07-23_09-20_,,,,,,,,,,,,"(4, 17)","(17, 27)",,,,,,
REAL_BACK_NB_2024-07-30_09-17_,,,,,,,,,,,,"(1, 19)","(19, 28)",,,,,,
REAL_BACK_NB_2024-07-31_09-36_,,,,,,,,,,,,"(13, 26)","(29, 40)",,,,,,
REAL_BACK_NB_2024-08-06_09-50_,,,,,,,,,,,,"(1, 12)","(12, 21)",,,,,,
REAL_BACK_NM_2024-05-21_11-32_,,,,,,,,,,,,"(0, 15)","(15, 26)",,,,,,
REAL_BACK_PJ_2024-06-05_09-09_,,,,,,,,,,,,"(13, 29)","(29, 43)",,,,,,
REAL_BACK_PP_2024-07-16_09-43_,,,,,,,,,,,,"(6, 24)","(24, 34)",,,,,,
REAL_BACK_RA_2024-06-13_09-26_,,,,,,,,,,,,"(1, 11)","(11, 18)",,,,,,
REAL_BACK_RA_2024-07-04_09-56_,,,,,,,,,,,,"(0, 8)","(8, 16)",,,,,,
REAL_BACK_RK_2024-06-25_09-47_,,,,,,,,,,,,"(1, 9)","(9, 17)",,,,,,
REAL_BACK_RP_2024-07-16_09-43_,,,,,,,,,,,,"(5, 22)","(28, 42)",,,,,,
REAL_BACK_RS_2024-08-07_10-54_,,,,,,,,,,,,"(5, 18)","(18, 28)",,,,,,
REAL_BACK_SH_2024-04-30_10-27_,,,,,,,,,,,,"(0, 16)","(20, 37)",,,,,,
REAL_BACK_SH_2024-05-07_09-53_,,,,,,,,,,,,"(0, 24)","(27, 45)",,,,,,
REAL_BACK_SH_2024-05-14_10-28_,,,,,,,,,,,,"(9, 26)","(26, 39)",,,,,,
REAL_BACK_SL_2024-07-23_10-23_,,,,,,,,,,,,"(1, 16)","(20, 31)",,,,,,
REAL_BACK_SM_2024-05-21_09-48_,,,,,,,,,,,,"(0, 11)","(11, 24)",,,,,,
REAL_BACK_SN_2024-07-18_10-38_,,,,,,,,,,,,"(1, 16)","(16, 25)",,,,,,
REAL_BACK_SO_2024-07-03_10-19_,,,,,,,,,,,,"(1, 17)","(17, 35)",,,,,,
REAL_BACK_TG_2024-08-08_09-19_,,,,,,,,,,,,"(1, 11)","(11, 23)",,,,,,
REAL_BACK_WB_2024-07-10_09-28_,,,,,,,,,,,,"(0, 8)","(8, 15)",,,,,,
REAL_BACK_YA_2024-05-08_09-16_,,,,,,,,,,,,"(1, 19)","(19, 28)",,,,,,
REAL_HIPS_EM_2024-05-28_10-48_,,,,,,,,,,,,,"(4, 12)",,,,,,
REAL_HIP_MC_2024-07-31_09-36_,,,,,,,,,,,,"(1, 11)","(11, 20)",,,,,,
REAL_KNEES_DB_2024-07-31_09-36_,,,,,,,,,,,"(2, 12)",,,,,,,,
REAL_KNEES_EP_2024-07-31_09-36_,,,,,,,,,,,"(4, 11)",,,,,,,,
REAL_KNEES_JE_2024-06-26_09-22_,,,,,,,,,,,"(3, 9)",,,,,,,,
REAL_KNEES_JE_2024-08-07_10-54_,,,,,,,,,,,"(3, 10)",,,,,,,,
REAL_KNEES_LN_2024-07-10_09-28_,,,,,,,,,,,"(5, 15)",,,,,,,,
REAL_KNEES_MK_2024-05-21_11-32_,,,,,,,,,,,"(4, 13)",,,,,,,,
REAL_KNEES_TG_2024-05-23_09-08_,,,,,,,,,,,"(2, 8)",,,,,,,,
REAL_LEFT_SHOULDER_AA_2024-06-25_09-47_,"(76, 85)","(85, 100)",,,,,,,,,,,,,,,,,
REAL_LEFT_SHOULDER_DF_2024-07-04_09-56_,"(1, 9)","(9, 30)",,,,,,,,,,,,,,,,,
REAL_LEFT_SHOULDER_MC_2024-05-30_09-08_,"(2, 9)","(9, 23)",,,,,,,,,,,,,,,,,
REAL_LEFT_SHOULDER_MC_2024-06-06_09-43_,"(1, 7)","(7, 18)",,,,,,,,,,,,,,,,,
REAL_LEFT_SHOULDER_MC_2024-07-31_09-36_,"(0, 6)","(6, 16)",,,,,,,,,,,,,,,,,
REAL_LEFT_SHOULDER_NB_2024-07-02_09-50_,"(1, 9)","(9, 23)",,,,,,,,,,,,,,,,,
REAL_LEFT_SHOULDER_SA_2024-04-30_10-27_,"(2, 9)","(9, 20)",,,,,,,,,,,,,,,,,
REAL_LEFT_SHOULDER_SO_2024-06-11_09-07_,"(53, 62)","(76, 93)",,,,,,,,,,,,,,,,,
REAL_LEFT_SHOULDER_WB_2024-06-27_09-23_,"(2, 10)",,,,,,,,,,,,,,,,,,
REAL_NECK_AC_2024-07-16_09-43_,,,,,,"(1, 17)","(32, 46)","(46, 59)",,,,,,,,,,,
REAL_NECK_BD_2024-07-23_10-23_,,,,,,"(4, 13)","(15, 29)","(29, 38)",,,,,,,,,,,
REAL_NECK_CG_2024-06-11_09-07_,,,,,,"(1, 10)","(10, 19)","(19, 29)",,,,,,,,,,,
REAL_NECK_CR_2024-07-31_09-36_,,,,,,"(4, 19)","(19, 30)","(30, 49)",,,,,,,,,,,
_2024-07-23_10-23_,,,,,,,,,"(3, 13)","(13, 26)",,,,,,,,,
REAL_NECK_ES_2024-05-15_09-25_,,,,,,"(2, 10)","(11, 20)","(20, 29)",,,,,,,,,,,
REAL_NECK_FA_2024-06-05_09-09_,,,,,,"(1, 10)","(10, 19)","(19, 28)",,,,,,,,,,,
REAL_NECK_HD_2024-05-23_09-08_,,,,,,"(2, 12)","(12, 20)","(20, 32)",,,,,,,,,,,
REAL_NECK_LA_2024-07-16_09-43_,,,,,,"(1, 11)","(11, 19)","(19, 26)",,,,,,,,,,,
REAL_NECK_MB_2024-07-30_09-17_,,,,,,"(0, 16)","(18, 29)","(29, 51)",,,,,,,,,,,
REAL_NECK_ML_2024-07-18_10-38_,,,,,,"(0, 9)","(9, 16)","(16, 24)",,,,,,,,,,,
REAL_NECK_ML_2024-07-23_10-23_,,,,,,"(1, 9)","(9, 18)","(18, 27)",,,,,,,,,,,
REAL_NECK_NB_2024-06-27_13-29_,,,,,,"(27, 39)","(39, 50)","(50, 60)",,,,,,,,,,,
REAL_NECK_PJ_2024-05-02_10-37_,,,,,,"(2, 14)","(14, 23)","(23, 32)",,,,,,,,,,,
REAL_NECK_PT_2024-07-16_09-43_,,,,,,"(2, 18)","(18, 36)","(36, 52)",,,,,,,,,,,
REAL_NECK_RS_2024-05-08_09-16_,,,,,,"(2, 10)","(10, 20)","(20, 28)",,,,,,,,,,,
REAL_NECK_RS_2024-07-16_09-43_,,,,,,"(0, 10)","(10, 18)","(18, 26)",,,,,,,,,,,
REAL_NECK_SA_2024-04-30_10-27_,,,,,,"(0, 10)","(10, 18)","(18, 29)",,,,,,,,,,,
REAL_NECK_SL_2024-05-21_11-32_,,,,,,"(2, 12)","(12, 21)","(21, 29)",,,,,,,,,,,
REAL_NECK_SL_2024-07-23_10-23_,,,,,,,"(14, 23)","(25, 37)",,,,,,,,,,,
REAL_NECK_WB_2024-07-10_09-28_,,,,,,"(1, 12)","(12, 19)","(19, 26)",,,,,,,,,,,
REAL_NECK_YA_2024-05-08_09-16_,,,,,,"(1, 9)","(9, 17)","(21, 32)",,,,,,,,,,,
REAL_RIGHT_SHOULDER_JP_2024-05-09_09-01_,,,,"(0, 14)","(14, 33)",,,,,,,,,,,,,,
REAL_RIGHT_SHOULDER_KK_2024-07-11_09-18_,,,,"(1, 15)","(15, 43)",,,,,,,,,,,,,,
REAL_RIGHT_SHOULDER_KK_2024-07-18_10-38_,,,,"(1, 13)","(15, 40)",,,,,,,,,,,,,,
REAL_RIGHT_SHOULDER_ML_2024-07-23_10-23_,,,,"(1, 7)","(7, 19)",,,,,,,,,,,,,,
REAL_RIGHT_SHOULDER_NB_2024-05-21_11-32_,,,,"(0, 9)","(9, 22)",,,,,,,,,,,,,,
REAL_RIGHT_SHOULDER_NB_2024-06-11_09-07_,,,,"(1, 6)","(6, 18)",,,,,,,,,,,,,,
REAL_RIGHT_SHOULDER_SL_2024-07-23_10-23_,,,,"(5, 20)","(23, 45)",,,,,,,,,,,,,,
REAL_SHOULDERS_BK_2024-06-05_09-09_,,,,,,,,,"(0, 10)","(10, 23)",,,,,,,,,
REAL_SHOULDERS_CR_2024-07-31_09-36_,,,,,,,,,,"(14, 32)",,,,,,,,,
REAL_SHOULDERS_EG_2024-06-19_09-45_,,,,,,,,,"(3, 10)","(10, 31)",,,,,,,,,
REAL_SHOULDERS_EP_2024-07-31_09-36_,,,,,,,,,"(1, 12)","(12, 28)",,,,,,,,,
REAL_SHOULDERS_ES_2024-05-15_09-25_,,,,,,,,,"(3, 10)","(10, 24)",,,,,,,,,
REAL_SHOULDERS_GH_2024-07-30_09-17_,,,,,,,,,"(3, 15)","(21, 45)",,,,,,,,,
REAL_SHOULDERS_HD_2024-05-23_09-08_,,,,,,,,,"(1, 11)","(11, 25)",,,,,,,,,
REAL_SHOULDERS_JE_2024-06-26_09-22_,,,,,,,,,"(1, 10)","(10, 20)",,,,,,,,,
REAL_SHOULDERS_NB_2024-06-27_13-29_,,,,,,,,,"(0, 9)","(9, 21)",,,,,,,,,
REAL_SHOULDERS_NB_2024-07-30_09-17_,,,,,,,,,"(2, 10)","(10, 23)",,,,,,,,,
REAL_SHOULDERS_NM_2024-05-21_11-32_,,,,,,,,,"(0, 11)","(11, 25)",,,,,,,,,
REAL_SHOULDERS_RS_2024-05-08_09-16_,,,,,,,,,"(0, 10)","(10, 24)",,,,,,,,,
REAL_SHOULDERS_SL_2024-05-21_11-32_,,,,"(0, 9)","(9, 20)",,,,,,,,,,,,,,
REAL_SHOULDERS_WB_2024-07-10_09-28_,,,,,,,,,"(2, 12)","(14, 26)",,,,,,,,,
REAL_SHOULDERS_YA_2024-05-08_09-16_,"(0, 7)",,,"(7, 12)",,,,,"(2, 12)","(12, 23)",,,,,,,,,
REAL_SHOULDER_CT_2024-05-28_10-48_,"(0, 8)","(8, 22)",,,,,,,,,,,,,,,,,
REAL_WRISTS_AA_2024-06-04_09-07_,,,,,,,,,,,,,,,,,"(0, 9)",,"(9, 20)"
REAL_WRISTS_RM_2024-07-16_09-43_,,,,,,,,,,,,,,,,"(7, 13)",,,
RIGHT_SHOULDER_NB_2024-07-09_09-52_,,,,"(0, 11)","(11, 23)",,,,,,,,,,,,,,
CONSISTENCY_1_FAKE_NECK_KH_2025-02-20_10-12,,,,,,"(3, 13)","(13, 23)","(26, 35)",,,,,,,,,,,
CONSISTENCY_1_FAKE_WRISTS_BD_2025-03-06_11-07,,,,,,,,,,,,,,,,"(5, 9)",,,
CONSISTENCY_2_FAKE_NECK_KH_2025-02-20_10-12,,,,,,"(21, 32)","(32, 41)","(42, 50)",,,,,,,,,,,
CONSISTENCY_1_BACK_HK_2025-02-04_01-49,,,,,,,,,,,,,,,,,,,
CONSISTENCY_1_BACK_JE_2024-08-28_09-15,,,,,,,,,,,,"(3, 16)","(18, 25)",,,,,,
CONSISTENCY_1_FAKE_ARMS_JE_2024-10-23_11-00,,,,,,,,,"(8, 12)","(12, 15)",,,,,,,,,
CONSISTENCY_1_FAKE_BACK_AF_2024-10-15_09-24,,,,,,,,,,,,"(1, 12)","(13, 20)",,,,,,
CONSISTENCY_1_FAKE_BACK_FA_2025-03-04_09-35,,,,,,,,,,,,"(5, 19)","(20, 33)",,,,,,
CONSISTENCY_1_FAKE_ELBOWS_BD_2024-09-11_09-27,,,"(6, 10)",,,,,,,,,,,,,,,,
CONSISTENCY_1_FAKE_ELBOWS_BD_2024-10-15_09-24,,,"(1, 8)",,,,,,,,,,,,,,,,
CONSISTENCY_1_FAKE_ELBOWS_JE_2024-10-30_09-15,,,"(2, 5)",,,,,,,,,,,,,,,,
CONSISTENCY_1_FAKE_ELBOWS_NB_2024-12-11_10-07,,,"(2, 9)",,,,,,,,,,,,,,,,
CONSISTENCY_1_FAKE_ELBOWS_RK_2024-09-03_09-57,,,"(3, 9)",,,,,,,,,,,,,,,,
CONSISTENCY_1_FAKE_NECK_NB_2024-10-29_09-53,,,,,,"(3, 11)","(12, 19)","(20, 26)",,,,,,,,,,,
CONSISTENCY_1_FAKE_RIGHT_SHOULDER_FA_2024-09-03_09-57,,,,"(11, 17)","(18, 23)",,,,,,,,,,,,,,
CONSISTENCY_1_FAKE_RIGHT_SHOULDER_FA_2025-03-12_09-45,,,,"(3, 8)","(9, 13)",,,,,,,,,,,,,,
CONSISTENCY_1_FAKE_RIGHT_SHOULDER_PJ_2025-03-12_09-13,,,,"(2, 9)","(9, 15)",,,,,,,,,,,,,,
CONSISTENCY_1_FAKE_SHOULDERS_NB_2024-11-06_10-25,,,,,,,,,"(1, 9)","(10, 19)",,,,,,,,,
CONSISTENCY_1_FAKE_SHOULDERS_BD_2024-12-04_09-17,,,,,,,,,"(4, 10)","(10, 14)",,,,,,,,,
CONSISTENCY_1_FAKE_SHOULDERS_BD_2025-02-26_11-05,,,,,,,,,"(4, 10)","(10, 15)",,,,,,,,,
CONSISTENCY_1_FAKE_SHOULDERS_KH_2025-04-16_11-00,,,,,,,,,"(8, 18)","(18, 23)",,,,,,,,,
CONSISTENCY_1_FAKE_SHOULDERS_NB_2024-11-12_09-37,,,,,,,,,"(2, 8)","(8, 13)",,,,,,,,,
CONSISTENCY_1_FAKE_SHOULDERS_RA_2024-08-29_09-17,,,,,,,,,"(1, 7)","(7, 10)",,,,,,,,,
CONSISTENCY_1_FAKE_WRISTS_BD_2025-02-04_01-49,,,,,,,,,,,,,,,,"(10, 15)",,,
CONSISTENCY_1_REAL_BACK_BD_2024-12-11_10-07,,,,,,,,,,,,"(2, 9)","(36, 48)",,,,,,
CONSISTENCY_1_REAL_BACK_BK_2024-08-29_09-17,,,,,,,,,,,,"(1, 13)","(14, 23)",,,,,,
CONSISTENCY_1_REAL_BACK_JE_2025-03-12_09-45,,,,,,,,,,,,"(2, 12)","(14, 20)",,"(2, 11)","(12, 20)",,,
CONSISTENCY_1_REAL_BACK_JE_2024-12-11_10-07,,,,,,,,,,,,"(30, 40)","(41, 49)",,,,,,
CONSISTENCY_1_REAL_BACK_KH_2025-04-16_11-00,,,,,,,,,,,,"(4, 13)","(15, 24)",,,,,,
CONSISTENCY_1_REAL_BACK_LA_2025-02-20_10-12,,,,,,,,,,,,"(0, 10)","(11, 18)",,,,,,
CONSISTENCY_1_REAL_BACK_NB_2024-09-11_09-27,,,,,,,,,,,,"(1, 11)","(12, 21)",,,,,,
CONSISTENCY_1_REAL_BACK_NB_2024-09-17_09-07,,,,,,,,,,,,"(4, 17)","(18, 24)",,,,,,
CONSISTENCY_1_REAL_BACK_NB_2024-11-26_09-17,,,,,,,,,,,,"(1, 13)","(14, 23)",,,,,,
CONSISTENCY_1_REAL_BACK_NM_2025-03-12_09-45,,,,,,,,,,,,"(1, 13)","(15, 23)",,,,,,
CONSISTENCY_1_REAL_LEFT_SHOULDER_MC_2024-08-29_09-17,"(6, 12)","(12, 17)",,,,,,,,,,,,,,,,,
CONSISTENCY_1_REAL_NECK_BD_2024-09-05_08-54,,,,,,"(2, 11)","(11, 20)","(21, 27)",,,,,,,,,,,
CONSISTENCY_1_REAL_NECK_BD_2024-09-26_10-55,,,,,,"(23, 30)",,,,,,,,,,,,,
CONSISTENCY_1_REAL_NECK_BD_2025-01-29_10-27,,,,,,"(2, 13)","(15, 24)","(26, 34)",,,,,,,,,,,
CONSISTENCY_1_REAL_NECK_BD_2024-11-12_09-37,,,,,,"(20, 28)","(30, 39)","(40, 45)",,,,,,,,,,,
CONSISTENCY_1_REAL_NECK_CR_2024-09-05_08-54,,,,,,"(2, 14)","(15, 22)","(24, 32)",,,,,,,,,,,
CONSISTENCY_1_REAL_NECK_FA_2024-12-04_09-17,,,,,,"(1, 7)","(11, 22)","(23, 32)",,,,,,,,,,,
CONSISTENCY_1_REAL_NECK_HD_2024-09-12_11-13,,,,,,"(2, 9)","(11, 20)","(22, 31)",,,,,,,,,,,
CONSISTENCY_1_REAL_NECK_JE_2024-09-11_09-27,,,,,,"(6, 14)","(16, 25)","(27, 35)",,,,,,,,,,,
CONSISTENCY_1_REAL_NECK_JE_2024-12-04_09-17,,,,,,"(1, 9)","(11, 18)","(19, 26)",,,,,,,,,,,
CONSISTENCY_1_REAL_NECK_LA_2025-03-04_09-35,,,,,,"(1, 6)","(7, 12)","(12, 18)",,,,,,,,,,,
CONSISTENCY_1_REAL_NECK_ML_2024-10-31_11-27,,,,,,"(2, 8)","(10, 16)","(17, 22)",,,,,,,,,,,
CONSISTENCY_1_REAL_NECK_ML_2024-11-14_11-11,,,,,,"(1,7)","(9, 15)","(17, 22)",,,,,,,,,,,
CONSISTENCY_1_REAL_NECK_PJ_2024-12-04_09-17,,,,,,"(1, 11)","(12, 22)","(24, 33)",,,,,,,,,,,
CONSISTENCY_1_REAL_RIGHT_SHOULDER_ML_2024-12-11_10-07,,,,"(1, 4)","(5, 8)",,,,,,,,,,,,,,
CONSISTENCY_1_REAL_RIGHT_SHOULDER_NB_2024-09-03_09-47,,,,"(5, 12)","(13, 18)",,,,,,,,,,,,,,
CONSISTENCY_1_REAL_SHOULDERS_BK_2024-09-05_08-54,,,,,,,,,"(1 ,12)","(13, 17)",,,,,,,,,
CONSISTENCY_1_RIGHT_SHOULDER_NB_2024-10-01_10-01,,,,"(6, 11)","(12, 17)",,,,,,,,,,,,,,
CONSISTENCY_2_FAKE_ARMS_JE_2024-10-23_11-00,,,,,,,,,"(6, 9)","(2, 4)",,,,,,,,,
CONSISTENCY_2_FAKE_BACK_AF_2024-10-15_09-24,,,,"(5, 10)","(11, 14)",,,,,,,"(20, 29)","(30, 36)",,,,,,
CONSISTENCY_2_FAKE_BACK_FA_2025-03-04_09-35,,,,"(5, 10)","(11, 16)",,,,,,,"(22, 38)","(38, 51)",,,,,,
CONSISTENCY_2_FAKE_ELBOWS_BD_2024-09-11_09-27,,,"(9, 14)",,,,,,,,,,,,,,,,
CONSISTENCY_2_FAKE_ELBOWS_BD_2024-10-15_09-24,,,"(7, 10)",,,,,,,,,,,,,,,,
CONSISTENCY_2_FAKE_ELBOWS_JE_2024-10-30_09-15,,,"(6, 9)",,,,,,,,,,,,,,,,
CONSISTENCY_2_FAKE_ELBOWS_NB_2024-12-11_10-07,,,"(4, 13)",,,,,,,,,,,,,,,,
CONSISTENCY_2_FAKE_ELBOWS_RK_2024-09-03_09-57,,,"(17, 21)","(2, 7)","(8, 12)",,,,,,,,,,,,,,
CONSISTENCY_2_FAKE_NECK_NB_2024-10-29_09-53,,,,,,"(20, 27)","(28, 35)",,,,,,,,,,,,
CONSISTENCY_2_FAKE_RIGHT_SHOULDER_FA_2024-09-03_09-57,,,,"(24, 28)","(28, 32)",,,,,,,,,,,,,,
CONSISTENCY_2_FAKE_RIGHT_SHOULDER_FA_2025-03-12_09-45,,,,"(24, 30)","(31, 36)",,,,,,,,,,,,,,
CONSISTENCY_2_FAKE_RIGHT_SHOULDER_PJ_2025-03-12_09-13,,,"(2, 8)","(9, 15)","(15, 18)",,,,,,,,,,,,,,
CONSISTENCY_2_FAKE_SHOULDERS_NB_2024-11-06_10-25,,,,,,,,,"(8, 17)","(18, 25)",,,,,,,,,
CONSISTENCY_2_FAKE_SHOULDERS_BD_2024-12-04_09-17,,,,,,,,,"(14, 18)","(19, 22)",,,,,,,,,
CONSISTENCY_2_FAKE_SHOULDERS_BD_2025-02-26_11-05,,,,,,,,,"(13, 18)","(19, 24)",,,,,,,,,
CONSISTENCY_2_FAKE_SHOULDERS_KH_2025-04-16_11-00,,,,,,,,,"(12, 19)","(19, 25)",,,,,,,,,
CONSISTENCY_2_FAKE_SHOULDERS_MB_2024-10-01_10-01,,,,,,,,,"(10, 16)","(18, 23)",,,,,,,,,
CONSISTENCY_2_FAKE_SHOULDERS_NB_2024-11-12_09-37,,,,,,,,,"(22, 27)","(27, 31)",,,,,,,,,
CONSISTENCY_2_FAKE_SHOULDERS_RA_2024-08-29_09-17,,,,,,,,,"(20, 28)","(28, 32)",,,,,,,,,
CONSISTENCY_2_FAKE_WRISTS_BD_2025-03-06_11-07,,,,,,,,,,,,,,,,"(16, 18)",,,
CONSISTENCY_2_REAL_BACK_BD_2024-12-11_10-07,,,,,,,,,,,,"(24, 30)","(33, 35)",,,,,,
CONSISTENCY_2_REAL_BACK_BK_2024-08-29_09-17,,,,,,,,,,,,"(21, 33)","(40, 47)",,,,,,
CONSISTENCY_2_REAL_BACK_JE_2024-08-28_09-15,,,,,,,,,,,,"(23, 33)","(35, 43)",,,,,,
CONSISTENCY_2_REAL_BACK_JE_2025-03-12_09-45,,,,,,,,,,,,"(17, 26)","(26, 34)",,,,,,
CONSISTENCY_2_REAL_BACK_JE_2024-12-11_10-07,,,,,,,,,,,,"(27, 37)","(39, 46)",,,,,,
CONSISTENCY_2_REAL_BACK_KH_2025-04-16_11-00,,,,,,,,,,,,"(24, 35)","(35, 47)",,,,,,
CONSISTENCY_2_REAL_BACK_LA_2025-02-20_10-12,,,,,,,,,,,,"(6, 13)","(15, 20)",,,,,,
CONSISTENCY_2_REAL_BACK_NB_2024-09-11_09-27,,,,,,,,,,,,"(28, 39)","(40, 49)",,,,,,
CONSISTENCY_2_REAL_BACK_NB_2024-09-17_09-07,,,,,,,,,,,,"(6, 15)","(15, 23)",,,,,,
CONSISTENCY_2_REAL_BACK_NB_2024-11-26_09-17,,,,,,,,,,,,"(25, 35)","(36, 45)",,,,,,
CONSISTENCY_2_REAL_BACK_NM_2025-03-12_09-45,,,,,,,,,,,,"(6, 16)","(17, 22)",,,,,,
CONSISTENCY_2_REAL_LEFT_SHOULDER_MC_2024-08-29_09-17,"(24, 28)","(29, 33)",,,,,,,,,,,,,,,,,
CONSISTENCY_2_REAL_NECK_BD_2024-09-05_08-54,,,,,,"(57, 63)","(67, 73)","(77, 84)",,,,,,,,,,,
CONSISTENCY_2_REAL_NECK_BD_2024-09-26_10-55,,,,,,"(28, 35)","(37, 44)","(46, 52)",,,,,,,,,,,
CONSISTENCY_2_REAL_NECK_BD_2025-01-29_10-27,,,,,,"(30, 37)","(39, 41)","(47, 49)",,,,,,,,,,,
CONSISTENCY_2_REAL_NECK_BD_2024-11-12_09-37,,,,,,"(20, 31)","(36, 40)","(44, 50)",,,,,,,,,,,
CONSISTENCY_2_REAL_NECK_CR_2024-09-05_08-54,,,,,,"(30, 40)","(41, 50)","(51, 56)",,,,,,,,,,,
CONSISTENCY_2_REAL_NECK_FA_2024-12-04_09-17,,,,,,"(20, 30)","(31, 38)","(39, 46)",,,,,,,,,,,
CONSISTENCY_2_REAL_NECK_HD_2024-09-12_11-13,,,,,,"(25, 34)","(35, 43)","(43, 52)",,,,,,,,,,,
CONSISTENCY_2_REAL_NECK_JE_2024-09-11_09-27,,,,,,"(26, 35)","(36, 44)","(48, 56)",,,,,,,,,,,
CONSISTENCY_2_REAL_NECK_JE_2024-12-04_09-17,,,,,,"(18, 25)","(26, 33)","(33, 40)",,,,,,,,,,,
CONSISTENCY_2_REAL_NECK_LA_2025-03-04_09-35,,,,,,"(20, 27)","(28, 33)","(36, 41)",,,,,,,,,,,
CONSISTENCY_2_REAL_NECK_ML_2024-10-31_11-27,,,,,,"(14, 20)","(20, 26)","(28, 33)",,,,,,,,,,,
CONSISTENCY_2_REAL_NECK_ML_2024-11-14_11-11,,,,,,"(14, 20)","(20, 26)","(27, 32)",,,,,,,,,,,
CONSISTENCY_2_REAL_NECK_PJ_2024-12-04_09-17,,,,,,"(38, 46)","(47, 55)","(55, 63)",,,,,,,,,,,
CONSISTENCY_2_REAL_RIGHT_SHOLDER_ML_2024-12-11_10-07,,,,,,,,,,,,,,,,,,,
CONSISTENCY_2_REAL_SHOULDERS_NB_2024-12-05_10-28,,,,,,,,,"(27, 33)","(33, 39)",,,,,,,,,
CONSISTENCY_2_REAL_SHOULDERS_BK_2024-09-05_08-54,,,,,,,,,"(26, 31)","(33, 37)",,,,,,,,,
CONSISTENCY_2_RIGHT_SHOULDER_NB_2024-10-01_10-01,,,,"(39, 46)","(50, 56)",,,,,,,,,,,,,,
CONSISTENCY_FAKE_SHOULDERS_MB_2024-10-01_10-01,,,,,,,,,"(10, 20)","(22, 29)",,,,,,,,,
FAKE_BACK_BK_2024-09-26_10-55,,,,,,,,,,,,"(4, 16)","(17, 28)",,,,,,
FAKE_BACK_KK_2024-10-23_11-00,,,,,,,,,,,,"(1, 11)","(11, 19)",,,,,,
FAKE_BACK_LA_2024-10-24_10-56,,,,,,,,,,,,"(29, 34)","(35, 40)",,,,,,
FAKE_BACK_ML_2024-10-17_16-16,,,,,,,,,,,,"(0, 8)","(8, 16)",,,,,,
FAKE_BACK_ML_2025-01-29_10-27,,,,,,,,,,,,"(2, 8)","(8, 13)",,,,,,
FAKE_ELBOWS_BD_2025-02-20_10-12,,,"(2, 7)",,,,,,,,,,,,,,,,
FAKE_ELBOWS_BD_2024-12-18_09-19,,,"(2, 6)",,,,,,,,,,,,,,,,
FAKE_ELBOWS_BK_2024-09-26_10-55,,,"(1, 6)",,,,,,,,,,,,,,,,
FAKE_ELBOWS_BK_2024-10-23_11-00,,,"(1, 5)",,,,,,,,,,,,,,,,
FAKE_ELBOWS_EP_2024-09-17_09-07,,,"(2, 6)",,,,,,,,,,,,,,,,
FAKE_ELBOWS_FA_2024-09-17_09-07,,,"(2, 6)",,,,,,,,,,,,,,,,
FAKE_ELBOWS_JE_2024-10-15_09-24,,,"(2, 5)",,,,,,,,,,,,,,,,
FAKE_ELBOWS_JE_2024-11-26_09-17,,,"(2, 6)",,,,,,,,,,,,,,,,
FAKE_ELBOWS_ML_2024-10-31_11-27,,,"(1, 5)",,,,,,,,,,,,,,,,
FAKE_ELBOWS_PJ_2024-11-26_09-17,,,"(11, 16)",,,,,,,,,,,,,,,,
FAKE_ELBOWS_RA_2024-09-12_11-13,,,"(1, 5)",,,,,,,,,,,,,,,,
FAKE_ELBOWS_RS_2024-10-23_11-00,,,"(0, 5)",,,,,,,,,,,,,,,,
FAKE_ELBOWS_SM_2024-10-30_09-15,,,"(1, 7)",,,,,,,,,,,,,,,,
FAKE_ELBOWS_SO_2024-11-05_09-15,,,"(6, 11)",,,,,,,,,,,,,,,,
FAKE_KNEES_AC_2025-04-16_11-00,,,,,,,,,,,"(2, 7)",,,,,,,,
FAKE_KNEES_BD_2024-10-01_10-01,,,,,,,,,,,"(6, 13)",,,,,,,,
FAKE_KNEES_FA_2024-09-17_09-07,,,,,,,,,,,"(9, 15)",,,,,,,,
FAKE_KNEES_GP_2025-03-12_09-45,,,,,,,,,,,"(2, 5)",,,,,,,,
FAKE_KNEES_JP_2024-09-05_08-54,,,,,,,,,,,"(4, 10)",,,,,,,,
FAKE_KNEES_NB_2024-10-01_10-01,,,,,,,,,,,"(2, 8)",,,,,,,,
FAKE_LEFT_ELBOW_NB_2025-03-20_11-56,,,,,,,,,,,,,,"(1, 5)",,,,,
FAKE_LEFT_SHOULDER_ML_2024-11-19_16-56,"(0, 4)","(4, 7)",,,,,,,,,,,,,,,,,
FAKE_LEFT_SHOULDER_TK_2024-09-05_08-54,"(0, 5)","(6, 12)",,,,,,,,,,,,,,,,,
FAKE_NECK_KK_2024-08-29_09-17,,,,,,"(1, 11)","(11, 18)","(22, 30)",,,,,,,,,,,
FAKE_NECK_MB_2025-03-12_09-45,,,,,,"(2, 9)","(10, 19)","(20, 26)",,,,,,,,,,,
FAKE_NECK_NB_2024-10-15_09-24,,,,,,"(1, 8)","(10, 16)","(19, 25)",,,,,,,,,,,
FAKE_RIGHT_ELBOW_PJ_2025-03-12_09-45,,,,,,,,,,,,,,,"(1, 7)",,,,
FAKE_RIGHT_SHOULDER_BR_2025-03-04_09-35,,,,"(1, 6)","(7, 11)",,,,,,,,,,,,,,
FAKE_RIGHT_SHOULDER_MC_2024-09-05_08-54,,,,"(5, 9)","(10, 15)",,,,,,,,,,,,,,
FAKE_RIGHT_SHOULDER_MC_2024-09-26_10-55,,,,"(0, 4)","(4, 8)",,,,,,,,,,,,,,
FAKE_RIGHT_SHOULDER_PJ_2025-03-04_09-35,,,,"(2, 10)","(10, 15)",,,,,,,,,,,,,,
FAKE_RIGHT_SHOULDER_RK_2024-11-05_09-15,,,,"(1, 6)","(7, 12)",,,,,,,,,,,,,,
FAKE_SHOULDERS_BD_2025-02-20_10-12,,,,,,,,,"(10, 15)","(16, 20)",,,,,,,,,
FAKE_SHOULDERS_BD_2024-10-09_09-51,,,,,,,,,"(2, 10)","(11, 17)",,,,,,,,,
FAKE_SHOULDERS_JE_2024-10-09_09-51,,,,,,,,,"(3, 7)","(8, 11)",,,,,,,,,
FAKE_SHOULDERS_NB_2024-09-17_09-07,,,,,,,,,"(4, 7)","(8, 17)",,,,,,,,,
FAKE_SHOULDERS_NB_2024-10-01_10-01,,,,,,,,,"(3, 13)","(15, 28)",,,,,,,,,
FAKE_SHOULDERS_NB_2024-10-15_09-24,,,,,,,,,"(4, 8)","(8, 16)",,,,,,,,,
FAKE_SHOULDERS_NB_2025-03-04_09-35,,,,,,,,,"(1, 7)","(7, 15)",,,,,,,,,
FAKE_WRISTS_BD_2024-10-01_10-01,,,,,,,,,,,,,,,,"(8, 10)",,,
FAKE_WRISTS_BD_2025-04-10_11-28,,,,,,,,,,,,,,,,"(12, 16)",,,
FAKE_WRISTS_BD_2025-03-12_09-45,,,,,,,,,,,,,,,,"(5, 7)",,,
FAKE_WRISTS_BD_2025-04-16_11-00,,,,,,,,,,,,,,,,"(10, 12)",,,
FAKE_WRISTS_NM_2024-10-30_09-15,,,,,,,,,,,,,,,,"(2, 6)",,,
REAL_BACK_AC_2025-01-29_10-27,,,,,,,,,,,,"(4, 6)","(9, 21)",,,,,,
REAL_BACK_AC_2025-04-16_11-00,,,,,,,,,,,,"(8, 11)","(14, 22)",,,,,,
REAL_BACK_AF_2024-11-06_10-25,,,,,,,,,,,,"(1, 22)","(23, 30)",,,,,,
REAL_BACK_BD_2024-11-26_09-17,,,,,,,,,,,,"(14, 25)","(29, 37)",,,,,,
REAL_BACK_BD_2025-04-03_11-06,,,,,,,,,,,,"(3, 9)","(29, 33)",,,,,,
REAL_BACK_BD_2025-05-07_13-29,,,,,,,,,,,,"(2, 8)","(27, 34)",,,,,,
REAL_BACK_BK_2025-02-26_11-05,,,,,,,,,,,,"(1, 10)","(11, 18)",,,,,,
REAL_BACK_BK_2024-09-26_10-55,,,,,,,,,,,,"(1, 13)","(14, 26)",,,,,,
REAL_BACK_CG_2025-02-20_10-12,,,,,,,,,,,,"(2, 18)","(22, 34)",,,,,,
REAL_BACK_GH_2025-04-03_11-06,,,,,,,,,,,,"(2, 29)","(40, 45)",,,,,,
REAL_BACK_HK_2025-03-20_11-56,,,,,,,,,,,,"(3, 15)","(17, 29)",,,,,,
REAL_BACK_HK_2025-01-22_17-15,,,,,,,,,,,,"(2, 14)","(20, 30)",,,,,,
REAL_BACK_ID_2025-04-10_11-28,,,,,,,,,,,,"(3, 21)","(22, 37)",,,,,,
REAL_BACK_JE_2024-11-19_16-56,,,,,,,,,,,,"(2, 11)","(12, 19)",,,,,,
REAL_BACK_JE_2024-11-12_09-37,,,,,,,,,,,,"(2, 12)","(12, 20)",,,,,,
REAL_BACK_JE_2024-09-03_09-57,,,,,,,,,,,,"(3, 15)","(16, 25)",,,,,,
REAL_BACK_JE_2024-10-01_10-01,,,,,,,,,,,,"(3, 14)","(15, 23)",,,,,,
REAL_BACK_JE_2025-04-16_11-00,,,,,,,,,,,,"(2, 12)","(13, 20)",,,,,,
REAL_BACK_JG_2025-03-12_09-45,,,,,,,,,,,,"(1, 10)","(11, 17)",,,,,,
REAL_BACK_JG_2025-04-16_11-00,,,,,,,,,,,,"(1, 10)","(11, 17)",,,,,,
REAL_BACK_KG_2024-12-11_10-07,,,,,,,,,,,,"(2, 25)","(27, 42)",,,,,,
REAL_BACK_KH_2024-09-05_08-54,,,,,,,,,,,,"(3, 16)","(18, 27)",,,,,,
REAL_BACK_KH_2024-09-12_11-13,,,,,,,,,,,,"(2, 13)","(17, 26)",,,,,,
REAL_BACK_KH_2025-01-29_10-27,,,,,,,,,,,,"(2, 13)","(16, 26)",,,,,,
REAL_BACK_LA_2024-11-14_11-11,,,,,,,,,,,,"(0, 12)","(13, 22)",,,,,,
REAL_BACK_MT_2024-09-05_08-54,,,,,,,,,,,,"(2, 20)","(30, 44)",,,,,,
REAL_BACK_NB_2024-12-11_10-07,,,,,,,,,,,,"(2, 12)","(14, 23)",,,,,,
REAL_BACK_NB_2025-03-04_09-35,,,,,,,,,,,,"(1, 11)","(13, 20)",,,,,,
REAL_BACK_NM_2024-10-30_09-15,,,,,,,,,,,,"(3, 22)","(23, 38)",,,,,,
REAL_BACK_NM_2024-12-05_10-28,,,,,,,,,,,,"(1, 11)","(12, 18)",,,,,,
REAL_BACK_PJ_2025-03-04_09-35,,,,,,,,,,,,"(13, 24)","(24, 33)",,,,,,
REAL_BACK_PT_2024-09-05_08-54,,,,,,,,,,,,"(38, 52)","(58, 69)",,,,,,
REAL_BACK_PT_2024-09-10_10-21,,,,,,,,,,,,"(1, 19)","(22, 34)",,,,,,
REAL_BACK_RA_2024-08-29_09-17,,,,,,,,,,,,"(0, 8)","(9, 13)",,,,,,
REAL_BACK_RA_2024-09-12_11-13,,,,,,,,,,,,"(1, 9)","(9, 15)",,,,,,
REAL_BACK_RK_2024-11-12_09-37,,,,,,,,,,,,"(2, 10)","(11, 19)",,,,,,
REAL_BACK_RS_2024-10-23_11-00,,,,,,,,,,,,"(4, 21)","(22, 33)",,,,,,
REAL_BACK_SD_2025-04-16_11-00,,,,,,,,,,,,"(2, 16)","(18, 27)",,,,,,
REAL_BACK_SM_2024-09-03_09-57,,,,,,,,,,,,"(1, 14)","(16, 26)",,,,,,
REAL_BACK_SM_2024-10-30_09-15,,,,,,,,,,,,"(3, 11)","(14, 24)",,,,,,
REAL_BACK_PP_2024-09-11_09-27,,,,,,,,,,,,"(2, 19)","(21, 33)",,,,,,
REAL_KNEE_JE_2025-03-04_09-35,,,,,,,,,,,"(2, 6)",,,,,,,,
REAL_KNEES_JE_2024-09-03_09-57,,,,,,,,,,,"(4, 9)",,,,,,,,
REAL_KNEES_NB_2024-11-07_10-45,,,,,,,,,,,"(1, 8)",,,,,,,,
REAL_KNEES_NB_2025-03-20_11-56,,,,,,,,,,,"(2, 6)",,,,,,,,
REAL_KNEES_NM_2025-04-16_11-00,,,,,,,,,,,"(6, 11)",,,,,,,,
REAL_LEFT_SHOULDER_BR_2025-03-04_09-35,"(0, 3)","(4, 10)",,,,,,,,,,,,,,,,,
REAL_LEFT_SHOULDER_ID_2025-05-07_13-29,"(3, 12)","(14, 23)",,,,,,,,,,,,,,,,,
REAL_LEFT_SHOULDER_MB_2025-03-12_09-45,"(3, 9)","(11, 21)",,,,,,,,,,,,,,,,,
REAL_LEFT_SHOULDER_MC_2024-09-05_08-54,"(3, 9)","(10, 19)",,,,,,,,,,,,,,,,,
REAL_LEFT_SHOULDER_MC_2024-09-26_10-55,"(1, 7)","(7, 15)",,,,,,,,,,,,,,,,,
REAL_LEFT_SHOULDER_PJ_2025-03-04_09-35,"(2, 10)","(12, 27)",,,,,,,,,,,,,,,,,
REAL_LEFT_SHOULDER_RK_2024-11-12_09-37,"(3, 8)","(9, 14)",,,,,,,,,,,,,,,,,
REAL_LEFT_WRIST_SM_2024-10-30_09-15,,,,,,,,,,,,,,,,,"(8, 13)",,
REAL_NECK_BD_2024-11-07_10-45,,,,,,"(3, 11)","(12, 20)","(21, 23)",,,,,,,,,,,
REAL_NECK_CG_2025-02-20_10-12,,,,,,"(2, 14)","(16, 26)","(27, 40)",,,,,,,,,,,
REAL_NECK_FA_2024-09-03_09-57,,,,,,"(1, 10)","(12, 20)","(22, 31)",,,,,,,,,,,
REAL_NECK_GP_2025-04-16_11-00,,,,,,"(12, 20)","(21, 28)","(30, 36)",,,,,,,,,,,
REAL_NECK_GP_2025-03-12_09-45,,,,,,"(3, 14)",,,,,,,,,,,,,
REAL_NECK_HD_2024-08-29_09-17,,,,,,"(1, 10)","(11, 16)","(46, 55)",,,,,,,,,,,
REAL_NECK_JE_2024-09-17_09-07,,,,,,"(2, 10)","(11, 20)","(22, 30)",,,,,,,,,,,
REAL_NECK_JE_2024-10-01_10-01,,,,,,"(2, 10)","(14, 20)","(21, 30)",,,,,,,,,,,
REAL_NECK_JE_2024-11-06_10-25,,,,,,"(2, 9)","(13, 20)","(23, 27)",,,,,,,,,,,
REAL_NECK_JE_2024-11-26_09-17,,,,,,"(1, 7)","(8, 13)",,,,,,,,,,,,
REAL_NECK_LA_2025-01-29_10-27,,,,,,"(1, 6)","(7, 13)","(14, 19)",,,,,,,,,,,
REAL_NECK_LJ_2024-08-29_09-17,,,,,,"(8, 16)","(17, 25)","(26, 33)",,,,,,,,,,,
REAL_NECK_NB_2024-11-07_10-45,,,,,,"(3, 12)","(13, 24)","(26, 36)",,,,,,,,,,,
REAL_NECK_PJ_2024-11-19_16-56,,,,,,"(52, 64)","(65, 75)","(75, 85)",,,,,,,,,,,
REAL_NECK_PJ_2024-11-26_09-17,,,,,,"(1, 12)","(14, 25)","(26, 36)",,,,,,,,,,,
REAL_NECK_PJ_2025-03-12_09-45,,,,,,"(3, 14)","(15, 25)","(26, 34)",,,,,,,,,,,
REAL_NECK_PT_2024-09-05_08-54,,,,,,"(26, 33)","(34, 49)","(56, 66)",,,,,,,,,,,
REAL_RIGHT_ARM_GP_2025-05-07_13-29,,,,"(2, 8)","(8, 22)",,,,,,,,,,,,,,
REAL_RIGHT_SHOULDER_JH_2024-12-11_10-07,,,,"(2, 25)","(26, 51)",,,,,,,,,,,,,,
REAL_RIGHT_SHOULDER_KK_2024-08-29_09-17,,,,"(4, 13)","(15, 28)",,,,,,,,,,,,,,
REAL_RIGHT_SHOULDER_KK_2024-09-26_10-55,,,,"(2, 10)","(11, 26)",,,,,,,,,,,,,,
REAL_RIGHT_SHOULDER_ML_2024-11-07_10-45,,,,"(2, 6)","(8, 16)",,,,,,,,,,,,,,
REAL_RIGHT_SHOULDER_ML_2024-11-19_16-56,,,,"(2, 6)","(7, 12)",,,,,,,,,,,,,,
REAL_RIGHT_SHOULDER_ML_2025-04-16_11-00,,,,"(1, 4)","(5, 10)",,,,,,,,,,,,,,
REAL_RIGHT_SHOULDER_MM_2024-12-05_10-28,,,,"(1, 6)","(8, 16)",,,,,,,,,,,,,,
REAL_RIGHT_SHOULDER_TK_2024-09-05_08-54,,,,"(0, 8)","(9, 20)",,,,,,,,,,,,,,
REAL_SHOULDERS_EP_2024-09-11_09-27,,,,,,,,,"(0, 9)","(10, 22)",,,,,,,,,
REAL_SHOULDERS_HD_2024-08-29_09-17,,,,,,,,,"(1, 10)","(11, 24)",,,,,,,,,
REAL_SHOULDERS_JE_2024-11-12_09-37,,,,,,,,,"(2, 6)","(7, 13)",,,,,,,,,
REAL_SHOULDERS_JE_2024-10-01_10-01,,,,,,,,,"(3, 9)","(12, 22)",,,,,,,,,
REAL_SHOULDERS_LJ_2024-08-29_09-17,,,,,,,,,"(9, 14)","(15, 26)",,,,,,,,,
REAL_SHOULDERS_NB_2024-11-07_10-45,,,,,,,,,"(2, 9)","(10, 22)",,,,,,,,,
REAL_SHOULDERS_NM_2024-12-05_10-28,,,,,,,,,"(1, 8)","(8, 21)",,,,,,,,,
REAL_WRISTS_JE_2025-02-26_11-05,,,,,,,,,,,,,,,,"(10, 13)",,,
REAL_BACK_IA_2025-03-04_09-35,,,,,,,,,,,,"(4, 16)","(17, 27)",,,,,,
SHOULDER_PAIN_DF_2024-01-11_09-14,"(13, 22)","(25, 32)",,,,,,,,,,,,,,,,,
REAL_LEFT_SHOULDER_GP_2025-05-15_10-29_,"(35, 42)","(42, 53)",,,,,,,,,,,,,,,,,
CONSISTENCY_2_FAKE_ELBOWS_BD_2025-05-15_10-29_,,,"(29, 34)",,,,,,,,,,,,,,,,
